id,comment_text,user_id,photo_id,created_at
1,"Wow, stunning!",56,154,2016-07-14 16:44:44
2,"Absolutely stunning!",53,117,2016-10-07 22:48:36
3,"Absolutely stunning!",46,107,2017-08-06 15:12:32
4,"Fire!",59,232,2017-07-03 16:52:34
5,"This made my day!",47,173,2018-04-13 14:31:22
6,"Perfect lighting!",18,106,2017-01-09 06:57:10
7,"Masterpiece!",73,100,2017-06-08 16:52:15
8,"Brilliant!",71,210,2018-03-22 11:10:25
9,"Iconic!",51,73,2016-09-20 19:45:49
10,"I love it!",84,232,2018-03-01 15:00:17
11,"Incredible!",7,103,2017-05-12 20:05:11
12,"Loving the vibe!",21,197,2017-08-17 06:33:54
13,"Incredible!",57,13,2017-07-01 20:39:29
14,"Goals!",86,89,2018-04-28 20:30:41
15,"Absolutely stunning!",99,80,2018-01-10 07:12:07
16,"This made my day!",20,211,2017-09-23 08:56:44
17,"Iconic!",95,67,2017-04-20 22:13:20
18,"Great photo!",98,19,2016-08-06 03:07:19
19,"Love this!",3,5,2017-05-06 03:16:29
20,"Wow, stunning!",46,104,2017-01-05 11:11:52
21,"Masterpiece!",9,186,2017-04-20 21:14:33
22,"This made my day!",58,244,2016-11-27 10:32:56
23,"Mood!",39,52,2016-11-11 05:32:05
24,"Great photo!",21,213,2017-11-28 22:30:40
25,"Mood!",53,82,2017-12-18 22:53:22
26,"Perfect lighting!",61,144,2016-09-25 05:20:21
27,"Love this!",57,50,2016-10-17 13:52:11
28,"Iconic!",61,195,2016-11-22 00:43:35
29,"Fire!",76,186,2018-01-20 20:49:21
30,"Amazing shot!",24,230,2017-10-17 20:38:09
31,"So beautiful!",45,174,2017-06-14 02:30:29
32,"Masterpiece!",23,70,2017-04-04 14:19:52
33,"Incredible!",20,57,2018-03-12 11:40:34
34,"Brilliant!",38,43,2018-02-08 18:00:47
35,"This is so cool!",3,214,2017-06-09 09:12:03
36,"Loving the vibe!",25,144,2016-06-25 17:49:34
37,"Perfect lighting!",22,27,2017-04-10 09:34:46
38,"This made my day!",58,222,2016-07-12 09:56:01
39,"So beautiful!",96,235,2017-05-07 20:04:16
40,"Masterpiece!",5,67,2016-06-11 20:53:09
41,"Absolutely stunning!",3,155,2016-12-22 17:06:59
42,"Love this!",49,199,2018-04-20 09:50:26
43,"This made my day!",90,193,2017-06-11 18:39:45
44,"Wow, stunning!",53,176,2017-05-21 09:31:26
45,"Iconic!",71,99,2017-03-16 09:42:33
46,"This made my day!",58,44,2017-11-04 04:07:59
47,"Great photo!",3,66,2017-02-04 02:42:33
48,"So beautiful!",23,192,2016-11-05 20:49:21
49,"So beautiful!",31,45,2016-06-10 00:29:22
50,"Masterpiece!",95,175,2016-08-12 05:41:19
51,"This made my day!",75,236,2018-04-12 03:51:11
52,"Love this!",79,63,2016-10-21 07:15:51
53,"This is so cool!",96,42,2016-09-02 03:20:04
54,"Perfect lighting!",1,222,2017-01-02 01:49:13
55,"Absolutely stunning!",92,41,2017-04-25 22:46:19
56,"Iconic!",68,99,2016-12-20 18:02:00
57,"Iconic!",78,96,2017-03-22 21:32:49
58,"This is so cool!",8,227,2017-11-02 00:13:47
59,"Goals!",23,102,2016-10-26 19:44:00
60,"Great photo!",74,97,2016-08-17 06:51:07
61,"Perfect lighting!",24,165,2016-11-14 14:22:09
62,"Masterpiece!",82,152,2017-07-28 18:26:48
63,"Incredible!",82,147,2017-08-11 09:08:12
64,"Loving the vibe!",45,124,2016-06-08 23:50:31
65,"I love it!",88,129,2016-11-13 02:21:14
66,"Iconic!",8,33,2017-05-19 02:11:57
67,"So beautiful!",80,221,2018-04-22 16:14:09
68,"This made my day!",2,46,2018-01-24 13:09:39
69,"Obsessed with this!",90,34,2017-02-24 11:37:00
70,"Iconic!",58,184,2017-06-15 18:11:36
71,"This made my day!",39,251,2017-12-12 06:55:41
72,"Love this!",30,88,2017-05-28 14:55:04
73,"This made my day!",60,237,2017-07-18 16:52:48
74,"Wow, stunning!",60,232,2016-10-24 14:02:16
75,"Wow, stunning!",54,13,2017-04-21 13:53:18
76,"Absolutely stunning!",81,77,2017-06-10 00:30:28
77,"Wow, stunning!",56,89,2018-01-29 06:41:45
78,"Absolutely stunning!",13,9,2017-09-27 05:27:27
79,"Incredible!",35,173,2016-06-23 18:06:25
80,"I love it!",51,82,2017-12-15 10:06:34
81,"Iconic!",30,98,2018-02-12 18:10:22
82,"This is so cool!",56,223,2017-10-13 02:10:32
83,"So beautiful!",46,55,2017-04-28 17:21:22
84,"Wow, stunning!",78,149,2017-01-27 18:53:15
85,"So aesthetic!",64,111,2017-10-16 00:28:19
86,"This made my day!",40,82,2018-03-08 11:18:32
87,"Masterpiece!",88,220,2016-10-03 21:48:47
88,"This made my day!",17,145,2017-06-18 04:39:54
89,"So beautiful!",48,243,2016-06-19 16:16:39
90,"Perfect lighting!",48,214,2017-01-01 11:52:35
91,"This made my day!",89,120,2018-03-12 17:20:14
92,"Obsessed with this!",36,175,2017-05-06 07:04:37
93,"Obsessed with this!",17,165,2017-01-21 21:35:04
94,"Perfect lighting!",79,122,2017-10-14 20:30:32
95,"This made my day!",61,10,2017-11-06 03:28:48
96,"Masterpiece!",50,76,2017-04-26 02:57:37
97,"Fire!",68,252,2018-02-08 09:41:06
98,"Absolutely stunning!",9,231,2016-12-15 10:03:23
99,"Brilliant!",92,74,2016-07-31 17:14:54
100,"Amazing shot!",32,115,2017-05-02 12:58:03
101,"Mood!",80,248,2016-10-28 09:55:50
102,"Masterpiece!",63,161,2017-12-02 07:17:02
103,"I love it!",25,62,2016-08-02 07:05:51
104,"Perfect lighting!",68,145,2017-06-21 15:24:02
105,"I love it!",90,6,2017-02-23 07:26:10
106,"Amazing shot!",38,13,2018-03-30 23:26:48
107,"So beautiful!",98,216,2017-06-13 16:55:40
108,"Fire!",100,76,2018-03-03 13:54:32
109,"This made my day!",21,228,2016-09-19 09:57:35
110,"Incredible!",59,142,2018-02-12 16:30:19
111,"Obsessed with this!",37,84,2016-10-10 11:45:10
112,"Love this!",3,64,2017-05-01 20:07:07
113,"Wow, stunning!",62,189,2017-04-19 13:39:15
114,"So aesthetic!",71,14,2018-03-24 11:47:32
115,"This made my day!",51,92,2018-02-18 01:15:26
116,"Obsessed with this!",37,166,2018-01-04 01:26:01
117,"Wow, stunning!",66,29,2017-10-22 02:19:32
118,"Wow, stunning!",9,72,2016-09-13 19:02:01
119,"So beautiful!",21,121,2017-06-04 13:00:03
120,"So aesthetic!",44,42,2017-05-18 02:31:59
121,"Mood!",64,206,2016-08-03 19:06:10
122,"Wow, stunning!",54,203,2017-12-14 03:15:27
123,"This is so cool!",27,230,2016-09-27 09:29:37
124,"Love this!",30,123,2018-03-23 20:18:16
125,"Perfect lighting!",4,27,2017-10-04 01:32:36
126,"Perfect lighting!",6,113,2016-11-04 05:00:45
127,"This made my day!",65,164,2017-07-02 23:05:42
128,"Amazing shot!",86,203,2017-11-05 10:32:43
129,"So aesthetic!",64,13,2017-12-16 02:28:27
130,"Obsessed with this!",6,103,2016-07-07 07:36:12
131,"Amazing shot!",30,252,2017-05-24 02:56:07
132,"Loving the vibe!",75,189,2016-11-16 14:27:39
133,"Masterpiece!",20,4,2017-03-16 09:40:18
134,"This is so cool!",48,199,2016-12-24 22:07:21
135,"Incredible!",33,172,2017-05-01 09:28:43
136,"I love it!",51,62,2017-09-06 01:02:57
137,"Incredible!",58,208,2016-12-07 04:06:10
138,"Great photo!",6,199,2016-12-28 07:17:13
139,"Incredible!",98,153,2018-01-29 11:02:43
140,"Love this!",47,238,2018-03-26 22:47:46
141,"Incredible!",30,130,2017-11-06 00:52:01
142,"Incredible!",40,7,2016-12-03 12:09:29
143,"Absolutely stunning!",27,256,2017-05-02 16:40:15
144,"Iconic!",51,85,2017-10-05 20:25:09
145,"Perfect lighting!",77,147,2016-08-19 22:26:28
146,"Amazing shot!",14,1,2018-02-25 01:49:17
147,"Amazing shot!",2,141,2017-04-07 16:12:14
148,"Great photo!",49,82,2016-07-25 13:24:01
149,"Brilliant!",25,217,2016-08-17 10:11:37
150,"I love it!",54,12,2016-07-06 04:22:18
151,"Goals!",39,73,2017-09-11 07:27:05
152,"Iconic!",16,16,2016-11-26 00:31:20
153,"Perfect lighting!",15,45,2017-09-10 21:06:32
154,"Goals!",89,140,2016-06-24 20:30:23
155,"Wow, stunning!",62,33,2017-01-07 02:22:20
156,"Amazing shot!",51,194,2016-07-09 18:06:38
157,"So aesthetic!",56,239,2016-11-27 00:28:59
158,"So beautiful!",74,23,2017-03-15 10:15:05
159,"Incredible!",93,246,2017-03-01 00:53:19
160,"Incredible!",86,140,2017-01-27 16:18:38
161,"Obsessed with this!",1,23,2017-08-20 20:21:01
162,"Perfect lighting!",90,251,2016-07-19 10:25:54
163,"Masterpiece!",47,46,2017-06-12 16:36:42
164,"Brilliant!",61,84,2018-04-06 13:31:03
165,"This made my day!",93,75,2018-03-17 12:37:34
166,"Obsessed with this!",53,90,2017-07-17 13:32:53
167,"I love it!",60,178,2016-10-30 18:00:16
168,"Brilliant!",87,209,2017-08-17 03:08:50
169,"Wow, stunning!",78,130,2017-05-07 13:03:31
170,"Mood!",60,231,2018-04-28 05:58:52
171,"Loving the vibe!",6,176,2018-03-03 05:16:52
172,"Mood!",77,175,2018-03-10 05:48:16
173,"Incredible!",74,72,2017-07-11 02:58:34
174,"Loving the vibe!",54,58,2017-12-10 01:31:42
175,"Obsessed with this!",67,54,2016-06-05 09:16:26
176,"Perfect lighting!",71,85,2017-05-09 17:48:37
177,"Brilliant!",15,167,2017-12-14 14:22:48
178,"Perfect lighting!",67,202,2018-01-12 12:47:03
179,"Great photo!",96,209,2017-01-18 23:19:07
180,"Incredible!",59,80,2016-06-01 18:22:07
181,"Wow, stunning!",14,254,2016-08-13 11:09:40
182,"I love it!",31,208,2017-01-01 19:43:56
183,"Incredible!",82,50,2016-06-25 00:35:25
184,"Great photo!",4,152,2016-12-30 06:45:41
185,"So beautiful!",100,37,2017-02-15 16:28:43
186,"Brilliant!",16,217,2018-04-09 14:40:22
187,"This made my day!",2,154,2017-07-03 13:39:00
188,"So aesthetic!",27,156,2018-02-25 21:28:11
189,"Iconic!",62,22,2016-07-03 18:12:15
190,"Goals!",45,16,2017-09-28 13:58:19
191,"So aesthetic!",97,51,2018-01-23 22:34:55
192,"Amazing shot!",45,252,2017-06-25 01:24:28
193,"Iconic!",63,45,2017-02-14 19:47:48
194,"Perfect lighting!",12,43,2018-03-09 03:25:21
195,"This made my day!",59,195,2017-02-03 21:58:36
196,"This made my day!",61,18,2017-04-14 20:07:13
197,"Incredible!",100,232,2018-02-19 14:56:59
198,"Wow, stunning!",13,6,2018-01-29 01:01:40
199,"So beautiful!",65,228,2017-10-28 06:35:54
200,"Obsessed with this!",60,141,2017-07-03 19:30:10
201,"Goals!",84,25,2018-01-21 04:17:03
202,"This is so cool!",90,252,2017-09-06 10:40:55
203,"I love it!",21,21,2018-02-06 12:03:59
204,"So beautiful!",15,80,2016-12-21 17:33:15
205,"Amazing shot!",63,128,2017-07-02 23:48:24
206,"Love this!",23,193,2017-04-06 06:39:03
207,"Obsessed with this!",29,175,2017-10-19 08:19:40
208,"Great photo!",92,228,2016-09-12 05:59:12
209,"Masterpiece!",18,68,2017-12-29 00:51:43
210,"Brilliant!",57,255,2017-08-15 00:44:51
211,"Mood!",91,189,2016-09-17 15:14:29
212,"Goals!",61,18,2017-08-21 20:17:24
213,"So beautiful!",90,217,2016-08-06 03:10:35
214,"Iconic!",34,184,2017-07-16 18:27:48
215,"Great photo!",32,71,2016-06-25 05:53:53
216,"Incredible!",12,96,2017-08-31 19:52:34
217,"Iconic!",48,135,2016-08-08 23:53:37
218,"Great photo!",24,212,2017-12-26 01:26:50
219,"Wow, stunning!",30,104,2017-04-04 04:51:00
220,"Amazing shot!",96,201,2017-06-16 02:11:03
221,"Great photo!",66,7,2017-11-20 09:40:50
222,"I love it!",75,5,2016-10-19 11:38:01
223,"Incredible!",32,246,2016-12-11 17:17:07
224,"Incredible!",62,246,2016-09-10 06:16:39
225,"Wow, stunning!",50,37,2018-04-15 04:37:20
226,"So beautiful!",66,75,2017-10-03 18:41:30
227,"Perfect lighting!",10,85,2018-03-04 15:03:19
228,"Perfect lighting!",81,186,2017-02-24 14:47:46
229,"Love this!",8,222,2017-04-25 14:22:04
230,"Brilliant!",4,99,2017-07-06 16:22:39
231,"Wow, stunning!",78,116,2017-10-04 22:23:15
232,"This is so cool!",66,209,2017-02-03 21:48:29
233,"Iconic!",67,148,2016-08-16 15:45:20
234,"So aesthetic!",77,16,2016-08-07 20:27:01
235,"Love this!",91,75,2017-06-14 10:05:57
236,"Fire!",51,144,2018-03-28 12:25:58
237,"I love it!",39,168,2017-09-25 18:37:15
238,"Obsessed with this!",63,198,2017-12-26 22:02:05
239,"Iconic!",77,71,2017-05-12 03:18:45
240,"This made my day!",89,251,2017-11-28 18:49:23
241,"Goals!",79,33,2018-03-07 09:45:55
242,"Masterpiece!",35,148,2017-11-08 08:17:43
243,"Obsessed with this!",42,123,2016-12-13 12:41:20
244,"This made my day!",40,99,2017-11-13 14:59:01
245,"Masterpiece!",36,136,2017-08-09 23:59:51
246,"I love it!",25,72,2016-12-12 13:09:40
247,"Incredible!",92,165,2017-09-17 21:10:51
248,"Great photo!",67,89,2017-03-26 23:15:01
249,"Masterpiece!",32,106,2018-03-11 12:17:00
250,"Brilliant!",24,255,2017-02-07 14:15:31
251,"Obsessed with this!",62,139,2017-09-14 19:33:59
252,"Goals!",44,75,2018-02-11 02:37:23
253,"Absolutely stunning!",33,64,2017-12-16 14:18:41
254,"Incredible!",1,35,2017-02-16 18:01:27
255,"Loving the vibe!",59,142,2018-01-03 15:18:34
256,"Love this!",26,137,2017-08-12 22:52:07
257,"Iconic!",63,56,2017-08-22 14:05:09
258,"This is so cool!",16,72,2016-10-04 13:09:20
259,"Love this!",98,28,2016-08-11 10:05:53
260,"Wow, stunning!",14,138,2016-09-07 15:24:38
261,"Obsessed with this!",27,21,2016-08-01 00:21:31
262,"Masterpiece!",15,173,2017-03-11 10:20:49
263,"Perfect lighting!",56,124,2017-01-12 22:30:43
264,"Mood!",78,137,2017-05-29 08:36:20
265,"Mood!",20,12,2018-01-20 11:31:52
266,"This is so cool!",98,113,2017-06-28 07:23:46
267,"This is so cool!",70,9,2016-09-02 20:47:53
268,"Iconic!",95,139,2016-10-06 03:29:01
269,"Perfect lighting!",32,209,2017-02-03 16:43:48
270,"This is so cool!",79,85,2017-01-12 10:10:30
271,"Perfect lighting!",14,2,2018-04-19 11:13:54
272,"Fire!",56,198,2017-01-05 08:27:12
273,"So aesthetic!",13,42,2017-08-29 16:06:42
274,"Masterpiece!",20,197,2017-06-25 00:50:18
275,"Incredible!",70,140,2018-04-21 17:53:44
276,"This made my day!",56,176,2016-06-22 18:10:09
277,"Fire!",65,199,2018-02-12 07:28:51
278,"So beautiful!",48,74,2018-02-06 13:45:01
279,"Incredible!",22,207,2017-01-10 11:26:24
280,"Goals!",46,208,2017-02-10 10:34:59
281,"Masterpiece!",30,195,2017-09-24 00:53:01
282,"So beautiful!",88,125,2017-09-07 00:47:47
283,"Brilliant!",50,177,2017-06-26 00:44:46
284,"Fire!",63,224,2017-08-09 03:15:25
285,"Brilliant!",56,131,2017-01-21 09:47:54
286,"Iconic!",47,134,2016-11-09 06:08:11
287,"Love this!",29,101,2017-06-26 13:16:25
288,"So beautiful!",7,118,2016-11-10 03:21:48
289,"Goals!",79,26,2016-08-21 19:07:26
290,"Wow, stunning!",33,232,2017-03-28 05:09:24
291,"This is so cool!",56,143,2017-01-21 14:54:29
292,"Loving the vibe!",40,86,2016-08-08 08:26:24
293,"Obsessed with this!",12,27,2018-04-02 06:24:21
294,"So aesthetic!",37,241,2016-11-19 08:36:05
295,"Masterpiece!",3,101,2016-08-18 02:27:11
296,"Goals!",99,52,2016-12-01 19:26:26
297,"Mood!",16,237,2017-06-13 06:30:51
298,"Perfect lighting!",20,96,2016-06-09 11:51:01
299,"Loving the vibe!",22,140,2016-06-22 18:14:15
300,"Absolutely stunning!",65,30,2016-10-17 06:04:49
301,"Wow, stunning!",7,241,2016-10-14 08:48:29
302,"Obsessed with this!",78,189,2017-03-13 16:50:08
303,"This is so cool!",32,233,2016-09-21 09:02:14
304,"So beautiful!",21,22,2017-06-22 04:56:53
305,"Fire!",1,148,2017-11-24 17:50:19
306,"Mood!",87,203,2017-12-07 14:42:19
307,"Loving the vibe!",68,239,2017-05-29 22:02:46
308,"Goals!",74,208,2017-11-19 14:50:35
309,"Wow, stunning!",22,256,2016-07-08 07:31:57
310,"I love it!",10,189,2016-09-27 22:00:19
311,"Absolutely stunning!",53,196,2017-04-03 13:36:11
312,"Iconic!",4,162,2016-12-21 00:35:02
313,"Fire!",56,76,2018-01-26 05:05:29
314,"Absolutely stunning!",84,155,2017-02-06 05:10:53
315,"Fire!",3,117,2017-02-14 17:43:22
316,"Fire!",52,239,2017-06-16 07:27:09
317,"So aesthetic!",60,67,2016-07-23 08:56:00
318,"I love it!",82,52,2017-06-19 01:56:02
319,"Absolutely stunning!",45,239,2018-04-01 15:46:44
320,"Brilliant!",10,151,2017-11-07 20:05:00
321,"Iconic!",62,21,2016-08-09 12:50:00
322,"I love it!",43,100,2017-11-01 06:02:30
323,"Wow, stunning!",2,52,2017-12-28 09:48:58
324,"Loving the vibe!",8,13,2017-01-10 22:57:43
325,"Amazing shot!",67,191,2017-09-03 14:41:16
326,"Brilliant!",43,236,2018-02-27 11:53:20
327,"Love this!",37,189,2017-11-12 21:19:18
328,"Iconic!",16,225,2017-08-18 18:42:47
329,"Wow, stunning!",5,35,2017-06-22 12:01:13
330,"Goals!",85,226,2016-10-26 05:10:39
331,"So beautiful!",98,101,2018-02-22 13:58:37
332,"Perfect lighting!",36,202,2016-07-13 01:36:08
333,"Wow, stunning!",39,7,2016-12-17 15:13:57
334,"So aesthetic!",73,100,2016-11-03 15:32:36
335,"Incredible!",71,131,2016-06-01 02:24:40
336,"Goals!",21,20,2017-10-08 02:24:22
337,"This is so cool!",29,240,2018-04-20 17:58:01
338,"Fire!",15,41,2017-05-17 22:27:24
339,"Iconic!",94,191,2017-02-20 21:00:34
340,"This made my day!",71,170,2017-11-22 05:39:54
341,"Masterpiece!",86,143,2017-02-07 08:14:08
342,"Iconic!",3,223,2017-03-06 11:56:51
343,"Iconic!",66,154,2017-07-20 01:52:02
344,"Goals!",76,154,2016-09-18 05:23:14
345,"Perfect lighting!",29,113,2017-09-19 05:34:47
346,"So aesthetic!",13,186,2017-07-15 15:15:57
347,"I love it!",73,170,2016-08-23 08:49:44
348,"So beautiful!",21,247,2017-04-18 02:04:18
349,"So aesthetic!",56,208,2016-11-05 15:04:53
350,"This made my day!",61,16,2017-06-15 04:18:16
351,"Iconic!",40,121,2017-10-17 14:25:49
352,"Absolutely stunning!",76,110,2017-08-15 08:33:36
353,"Masterpiece!",37,125,2016-11-16 12:14:14
354,"Obsessed with this!",21,168,2017-06-21 03:01:03
355,"So beautiful!",13,43,2016-06-09 05:27:46
356,"Iconic!",70,220,2016-09-03 23:35:30
357,"Amazing shot!",20,27,2017-09-26 06:27:54
358,"I love it!",5,69,2017-06-11 13:00:25
359,"Love this!",86,45,2016-11-17 11:16:41
360,"Love this!",43,52,2018-01-18 02:59:53
361,"Incredible!",6,1,2016-11-22 14:13:51
362,"Goals!",63,56,2018-01-29 10:36:38
363,"Masterpiece!",79,37,2017-03-19 05:02:48
364,"Masterpiece!",9,237,2017-02-22 05:43:49
365,"Iconic!",100,50,2018-02-12 08:08:52
366,"Love this!",89,146,2017-07-08 12:19:48
367,"Iconic!",86,84,2017-09-07 13:03:42
368,"I love it!",66,157,2018-04-01 14:36:12
369,"I love it!",54,121,2018-04-14 11:53:29
370,"Fire!",27,124,2016-10-31 05:39:04
371,"Love this!",5,41,2018-01-23 04:17:09
372,"Wow, stunning!",14,230,2016-10-31 02:40:26
373,"This made my day!",37,171,2018-01-15 08:42:39
374,"So aesthetic!",92,247,2017-07-25 04:27:51
375,"Incredible!",86,155,2017-09-28 23:53:27
376,"This is so cool!",5,187,2017-07-06 06:58:18
377,"Love this!",45,34,2016-07-03 09:10:53
378,"Iconic!",50,96,2017-09-18 23:58:08
379,"Fire!",51,166,2016-10-15 11:54:08
380,"This made my day!",96,217,2018-01-02 06:41:52
381,"Goals!",1,85,2017-07-31 03:23:38
382,"Wow, stunning!",63,172,2016-07-14 05:06:34
383,"Goals!",31,254,2016-12-25 06:34:20
384,"Amazing shot!",54,20,2018-03-09 13:08:01
385,"Masterpiece!",92,176,2017-06-17 12:16:34
386,"Iconic!",1,54,2017-10-27 07:20:38
387,"Loving the vibe!",43,141,2017-07-06 19:15:02
388,"So aesthetic!",76,101,2016-07-11 16:33:51
389,"Mood!",93,149,2017-09-11 01:37:14
390,"Amazing shot!",37,171,2017-07-23 21:27:23
391,"Iconic!",81,33,2017-08-02 16:52:37
392,"This made my day!",78,119,2018-01-27 08:06:55
393,"I love it!",58,136,2018-03-30 01:24:33
394,"Absolutely stunning!",30,131,2017-02-27 00:09:21
395,"Love this!",68,118,2017-01-14 16:21:24
396,"Amazing shot!",31,204,2017-08-15 01:44:20
397,"Mood!",10,141,2017-12-12 15:10:24
398,"I love it!",3,257,2018-02-05 01:51:50
399,"Mood!",64,110,2018-04-09 20:06:38
400,"Perfect lighting!",37,60,2017-07-04 20:24:59
401,"This is so cool!",93,169,2017-12-11 23:53:16
402,"So aesthetic!",26,8,2016-08-21 11:58:13
403,"Amazing shot!",32,246,2016-09-10 04:43:43
404,"This is so cool!",96,133,2018-04-05 10:38:34
405,"So aesthetic!",86,132,2016-11-13 15:31:35
406,"Brilliant!",27,84,2016-09-08 10:30:50
407,"So beautiful!",40,36,2016-11-07 04:25:17
408,"So beautiful!",1,123,2017-03-04 06:30:58
409,"This made my day!",15,232,2016-10-03 18:13:16
410,"Loving the vibe!",99,239,2016-10-04 17:31:17
411,"So beautiful!",86,143,2017-05-31 03:21:02
412,"Absolutely stunning!",46,91,2016-12-11 19:51:14
413,"Masterpiece!",33,10,2016-08-28 02:18:34
414,"This made my day!",21,75,2016-11-12 19:00:30
415,"Iconic!",89,100,2018-03-09 12:47:36
416,"Absolutely stunning!",4,175,2017-08-17 03:46:15
417,"Incredible!",66,207,2016-11-19 06:55:22
418,"Obsessed with this!",80,248,2016-08-08 08:15:20
419,"Mood!",85,254,2017-09-12 14:06:00
420,"Incredible!",42,189,2016-07-13 01:19:28
421,"Amazing shot!",58,97,2018-01-06 12:56:25
422,"This made my day!",3,191,2017-07-31 00:16:14
423,"Wow, stunning!",60,44,2016-09-07 21:39:01
424,"Obsessed with this!",67,60,2016-10-18 17:14:13
425,"Great photo!",64,175,2018-03-02 01:10:57
426,"Perfect lighting!",82,163,2017-04-16 19:33:16
427,"Great photo!",38,20,2016-07-27 10:55:48
428,"Goals!",86,71,2017-06-24 05:34:18
429,"So aesthetic!",36,175,2016-08-16 19:19:54
430,"Iconic!",47,39,2017-04-12 10:54:58
431,"Amazing shot!",53,12,2017-03-19 11:55:59
432,"Wow, stunning!",24,48,2017-11-20 21:57:04
433,"Brilliant!",77,52,2016-09-25 03:27:52
434,"This made my day!",34,171,2016-10-05 06:38:56
435,"Obsessed with this!",74,109,2016-08-20 08:25:45
436,"I love it!",7,142,2017-12-16 19:42:30
437,"Mood!",92,153,2018-04-05 10:49:59
438,"Love this!",13,207,2017-04-16 15:17:52
439,"Goals!",12,171,2016-07-24 04:59:02
440,"Obsessed with this!",9,49,2016-06-05 03:53:22
441,"Iconic!",62,22,2017-06-05 14:46:53
442,"Goals!",70,55,2016-11-10 21:30:44
443,"This made my day!",32,42,2016-11-20 06:44:25
444,"Amazing shot!",84,54,2017-09-25 07:57:08
445,"This is so cool!",94,65,2018-04-30 18:33:25
446,"Amazing shot!",31,209,2018-04-29 19:02:27
447,"Iconic!",35,97,2017-12-13 08:39:43
448,"Incredible!",8,221,2018-02-18 14:08:33
449,"Brilliant!",25,150,2016-10-18 14:43:41
450,"Obsessed with this!",76,211,2017-03-22 09:48:25
451,"So aesthetic!",32,64,2017-02-17 23:36:18
452,"Amazing shot!",78,255,2016-09-26 14:45:55
453,"Goals!",76,98,2016-10-10 20:59:38
454,"Perfect lighting!",24,62,2016-10-14 01:27:49
455,"Love this!",30,128,2016-08-13 14:22:16
456,"Goals!",18,112,2016-09-24 20:55:10
457,"Great photo!",1,108,2016-06-15 15:02:59
458,"Incredible!",14,175,2017-09-01 05:15:24
459,"Brilliant!",93,64,2017-04-29 14:58:07
460,"Fire!",49,141,2018-04-11 07:20:17
461,"Incredible!",82,75,2017-07-04 12:51:31
462,"Iconic!",25,125,2017-10-14 09:58:20
463,"Goals!",56,26,2016-06-04 15:46:32
464,"Love this!",60,82,2016-08-01 16:42:08
465,"Incredible!",68,149,2017-07-29 04:01:12
466,"I love it!",37,73,2017-03-14 06:26:47
467,"Iconic!",99,8,2017-11-25 02:22:38
468,"Brilliant!",76,233,2017-04-07 23:27:23
469,"Incredible!",29,231,2017-03-10 17:21:39
470,"This is so cool!",50,139,2017-10-05 08:01:49
471,"Amazing shot!",57,69,2017-01-27 23:29:30
472,"Perfect lighting!",63,197,2017-12-17 18:33:27
473,"Brilliant!",15,138,2017-11-17 09:16:38
474,"Goals!",89,51,2018-04-06 18:48:16
475,"Amazing shot!",40,207,2016-08-04 20:38:58
476,"I love it!",14,124,2017-02-14 08:53:40
477,"Iconic!",97,94,2017-11-24 00:07:21
478,"This made my day!",20,11,2017-12-20 15:16:54
479,"Amazing shot!",73,175,2017-10-06 07:02:31
480,"I love it!",24,56,2017-08-10 09:08:41
481,"Obsessed with this!",90,140,2016-12-22 22:53:44
482,"Great photo!",52,183,2017-06-25 17:10:46
483,"Perfect lighting!",80,101,2017-04-29 01:40:03
484,"Iconic!",44,183,2017-02-02 19:23:14
485,"Perfect lighting!",43,253,2017-08-16 20:28:39
486,"Great photo!",3,40,2017-12-31 04:59:16
487,"Love this!",30,211,2016-12-27 17:00:21
488,"Great photo!",53,38,2018-04-29 19:58:21
489,"Perfect lighting!",57,70,2017-01-06 07:57:15
490,"Love this!",48,50,2017-02-18 00:25:33
491,"Great photo!",76,210,2017-03-15 23:24:41
492,"Incredible!",76,231,2016-09-04 12:24:31
493,"So beautiful!",31,61,2017-02-12 21:47:03
494,"Love this!",69,124,2017-10-01 10:05:17
495,"Amazing shot!",70,86,2017-10-15 07:52:38
496,"Great photo!",53,170,2016-08-30 18:20:21
497,"Obsessed with this!",75,118,2017-03-12 00:00:12
498,"Brilliant!",90,179,2017-09-07 20:15:13
499,"Amazing shot!",90,85,2016-09-08 22:50:09
500,"Goals!",74,11,2016-12-15 06:15:53
501,"Love this!",21,120,2016-12-01 07:07:51
502,"Wow, stunning!",27,102,2017-03-30 16:46:45
503,"Perfect lighting!",8,231,2018-02-24 04:53:51
504,"Incredible!",5,61,2017-06-11 22:49:59
505,"So aesthetic!",97,154,2016-11-05 02:18:12
506,"Absolutely stunning!",21,243,2016-06-08 06:14:22
507,"Mood!",48,18,2016-11-27 15:18:16
508,"This is so cool!",14,44,2017-01-03 02:39:56
509,"Great photo!",20,213,2017-08-20 08:20:49
510,"Goals!",90,86,2017-11-15 20:12:24
511,"Fire!",87,169,2016-11-09 21:38:12
512,"Fire!",69,111,2017-08-10 06:16:02
513,"Goals!",79,228,2017-04-20 09:28:28
514,"Amazing shot!",78,110,2016-12-18 14:46:31
515,"Mood!",38,193,2017-09-20 03:18:50
516,"Wow, stunning!",75,60,2016-07-26 08:21:52
517,"Mood!",95,58,2017-10-04 14:22:01
518,"Love this!",84,70,2017-11-13 06:32:45
519,"Wow, stunning!",69,119,2017-02-02 01:50:52
520,"Perfect lighting!",66,38,2017-12-04 20:06:28
521,"Goals!",44,48,2017-02-23 12:05:25
522,"This is so cool!",71,70,2016-07-16 15:34:22
523,"Wow, stunning!",63,106,2017-01-12 23:09:54
524,"Masterpiece!",12,76,2017-08-27 02:36:03
525,"This made my day!",93,42,2017-09-15 05:59:38
526,"This made my day!",88,142,2016-07-01 01:12:19
527,"Amazing shot!",98,6,2018-04-12 00:52:52
528,"So beautiful!",93,16,2017-04-27 06:00:16
529,"So beautiful!",97,42,2016-12-12 17:30:16
530,"Mood!",13,225,2018-03-26 13:31:38
531,"Wow, stunning!",8,14,2017-05-28 11:23:25
532,"Loving the vibe!",49,59,2018-03-24 10:33:12
533,"Goals!",97,150,2016-11-11 03:05:46
534,"Masterpiece!",70,76,2018-04-16 20:59:07
535,"I love it!",70,245,2017-10-16 19:00:48
536,"Wow, stunning!",99,40,2016-11-27 10:31:16
537,"This made my day!",65,22,2017-06-24 17:04:16
538,"Fire!",6,223,2016-06-27 01:36:26
539,"Amazing shot!",77,26,2018-04-09 09:30:47
540,"Brilliant!",32,194,2018-03-14 12:25:59
541,"Loving the vibe!",12,186,2017-03-09 19:17:52
542,"Absolutely stunning!",20,208,2017-12-29 04:28:34
543,"Wow, stunning!",31,212,2017-03-03 18:37:47
544,"Brilliant!",30,165,2018-04-09 01:47:02
545,"This is so cool!",47,159,2018-01-12 13:39:54
546,"Mood!",94,22,2016-07-11 22:45:22
547,"So aesthetic!",61,28,2016-12-30 08:45:08
548,"Masterpiece!",53,236,2017-05-30 00:37:07
549,"Wow, stunning!",99,95,2016-08-06 02:12:37
550,"Great photo!",35,25,2017-07-07 09:12:16
551,"Mood!",68,64,2017-11-24 00:10:51
552,"This is so cool!",34,133,2017-12-13 17:14:41
553,"Loving the vibe!",64,128,2016-12-16 13:45:56
554,"Loving the vibe!",92,97,2018-03-26 02:20:10
555,"Perfect lighting!",52,138,2016-11-06 02:23:09
556,"Masterpiece!",90,205,2018-04-26 10:44:46
557,"Loving the vibe!",93,88,2018-01-07 23:29:25
558,"So aesthetic!",86,158,2017-04-01 05:46:27
559,"So aesthetic!",3,125,2016-10-12 13:24:28
560,"Incredible!",93,221,2016-09-15 11:16:17
561,"So beautiful!",100,129,2017-09-17 01:29:04
562,"Absolutely stunning!",50,150,2016-11-08 12:54:48
563,"I love it!",97,192,2016-07-14 06:47:36
564,"Brilliant!",52,118,2017-05-15 19:47:13
565,"I love it!",88,96,2016-12-14 00:50:49
566,"Iconic!",86,44,2017-06-22 11:12:14
567,"I love it!",53,144,2017-11-08 20:57:39
568,"Perfect lighting!",68,12,2016-09-20 13:24:43
569,"Loving the vibe!",31,257,2016-11-30 10:01:41
570,"Fire!",43,69,2018-02-15 02:14:24
571,"Love this!",87,175,2017-03-24 23:16:05
572,"Perfect lighting!",8,150,2016-12-27 07:52:09
573,"Incredible!",27,182,2017-11-21 09:22:59
574,"Great photo!",76,162,2017-07-10 08:04:42
575,"Great photo!",14,47,2018-02-05 16:33:24
576,"Great photo!",68,239,2017-12-10 01:45:34
577,"Perfect lighting!",78,102,2018-01-29 03:19:42
578,"Iconic!",81,102,2017-01-08 04:54:16
579,"Perfect lighting!",52,166,2016-07-11 14:48:20
580,"So beautiful!",5,40,2018-02-17 18:22:56
581,"Absolutely stunning!",64,168,2016-09-06 16:48:37
582,"Mood!",65,209,2017-11-20 00:18:18
583,"Incredible!",2,95,2016-06-28 01:04:13
584,"This made my day!",76,55,2017-07-30 04:04:41
585,"Masterpiece!",71,66,2017-11-19 00:28:39
586,"This made my day!",32,194,2017-09-27 23:11:11
587,"Goals!",90,255,2017-03-18 21:42:08
588,"Amazing shot!",16,213,2018-02-26 07:46:50
589,"Masterpiece!",51,189,2017-05-21 04:52:33
590,"I love it!",8,40,2018-02-09 02:34:54
591,"Great photo!",16,147,2017-12-05 10:38:24
592,"Absolutely stunning!",29,119,2017-11-25 17:22:46
593,"Obsessed with this!",44,14,2016-10-21 14:49:42
594,"This is so cool!",25,88,2017-01-07 22:05:04
595,"So beautiful!",78,76,2017-02-01 16:25:51
596,"This made my day!",36,172,2017-08-03 02:47:39
597,"Love this!",12,131,2017-03-29 04:44:06
598,"Love this!",67,209,2017-06-11 22:57:18
599,"Perfect lighting!",3,173,2017-10-18 14:23:58
600,"Loving the vibe!",56,24,2016-09-07 04:14:31
601,"So aesthetic!",96,66,2016-06-19 01:32:05
602,"Loving the vibe!",25,29,2016-12-26 13:09:19
603,"Masterpiece!",50,204,2016-08-30 00:59:34
604,"Fire!",50,79,2016-08-14 11:39:52
605,"Great photo!",96,109,2016-11-27 07:57:32
606,"Brilliant!",33,175,2016-07-24 15:38:53
607,"So aesthetic!",66,94,2018-01-07 03:57:37
608,"So aesthetic!",63,249,2017-12-27 23:27:10
609,"Loving the vibe!",80,108,2017-02-26 10:34:23
610,"Great photo!",96,21,2017-02-03 11:04:06
611,"Loving the vibe!",71,3,2017-09-02 07:03:57
612,"Perfect lighting!",44,153,2017-10-02 20:02:07
613,"So aesthetic!",95,70,2016-07-18 07:43:02
614,"Masterpiece!",30,192,2016-10-06 01:56:39
615,"Fire!",14,190,2016-06-19 22:03:07
616,"Obsessed with this!",7,189,2018-01-16 02:21:38
617,"Obsessed with this!",38,147,2016-12-04 00:34:27
618,"Goals!",92,232,2018-01-18 06:01:45
619,"Masterpiece!",52,216,2018-01-08 13:41:05
620,"Mood!",100,152,2018-03-20 22:00:54
621,"So beautiful!",98,234,2017-11-17 10:45:38
622,"Obsessed with this!",69,188,2017-06-29 23:11:03
623,"Wow, stunning!",73,128,2017-05-05 20:35:00
624,"Amazing shot!",14,151,2017-10-26 11:16:19
625,"This is so cool!",73,100,2016-12-12 03:56:42
626,"I love it!",24,115,2016-10-23 15:39:04
627,"So aesthetic!",52,29,2018-02-28 00:50:09
628,"Absolutely stunning!",61,80,2018-03-18 04:17:09
629,"Amazing shot!",59,214,2018-03-20 16:05:32
630,"I love it!",23,111,2017-12-28 08:18:18
631,"This made my day!",67,113,2018-04-18 21:55:57
632,"Loving the vibe!",47,125,2016-10-20 23:55:48
633,"I love it!",97,9,2016-06-04 12:32:58
634,"Wow, stunning!",53,61,2018-01-01 22:12:34
635,"Amazing shot!",56,175,2017-12-15 05:21:39
636,"Mood!",52,184,2018-04-24 05:20:16
637,"So beautiful!",56,137,2017-12-16 13:55:26
638,"Brilliant!",74,194,2017-07-22 22:57:01
639,"Amazing shot!",10,111,2017-12-28 17:32:47
640,"Incredible!",13,75,2017-11-24 11:25:16
641,"Great photo!",74,173,2017-02-13 06:59:31
642,"Absolutely stunning!",100,137,2017-12-07 05:25:23
643,"Loving the vibe!",31,160,2017-03-06 22:47:36
644,"This is so cool!",6,16,2017-10-03 08:08:45
645,"Loving the vibe!",1,4,2017-08-19 21:51:34
646,"So beautiful!",51,200,2016-07-27 04:15:07
647,"Loving the vibe!",98,199,2016-12-24 02:43:57
648,"Masterpiece!",86,99,2017-05-09 00:55:40
649,"Absolutely stunning!",7,34,2017-11-23 02:02:18
650,"So beautiful!",79,143,2017-03-28 22:55:57
651,"This made my day!",78,38,2016-07-26 16:29:53
652,"Loving the vibe!",53,91,2016-12-18 21:12:24
653,"Wow, stunning!",57,211,2016-07-22 13:24:41
654,"Goals!",29,144,2016-06-18 18:01:55
655,"Masterpiece!",57,227,2017-03-16 14:13:34
656,"Fire!",21,30,2016-10-22 14:40:50
657,"Wow, stunning!",98,211,2018-02-01 04:59:42
658,"Mood!",45,10,2016-09-03 17:54:59
659,"Absolutely stunning!",93,243,2016-07-19 05:51:38
660,"Goals!",73,35,2016-06-24 14:27:52
661,"So beautiful!",68,135,2016-12-17 07:13:29
662,"Perfect lighting!",26,233,2016-08-31 04:49:48
663,"Incredible!",46,88,2017-05-20 14:36:40
664,"Mood!",14,240,2016-08-21 16:54:10
665,"This is so cool!",2,105,2018-04-26 03:42:04
666,"Amazing shot!",78,84,2017-06-24 04:06:01
667,"Perfect lighting!",29,217,2017-11-08 11:34:08
668,"Iconic!",17,240,2017-12-12 20:52:41
669,"Great photo!",45,193,2016-12-12 07:56:46
670,"Mood!",58,39,2017-03-31 11:10:51
671,"This is so cool!",34,26,2018-01-14 11:45:39
672,"Absolutely stunning!",7,73,2017-03-29 18:34:41
673,"So aesthetic!",6,49,2017-03-10 10:22:04
674,"Fire!",7,122,2016-12-27 09:06:24
675,"Iconic!",14,204,2017-11-30 03:56:32
676,"Loving the vibe!",60,256,2016-11-22 06:47:44
677,"This is so cool!",10,8,2018-03-17 03:21:33
678,"Great photo!",63,94,2018-03-06 07:02:27
679,"This is so cool!",34,215,2018-01-08 19:53:01
680,"Masterpiece!",44,252,2017-08-23 08:30:53
681,"Perfect lighting!",98,219,2017-12-05 08:50:54
682,"Mood!",15,91,2018-04-29 11:35:38
683,"This made my day!",53,15,2017-01-21 20:50:28
684,"Amazing shot!",97,231,2017-10-18 21:25:50
685,"Absolutely stunning!",70,220,2018-04-29 04:19:56
686,"Love this!",59,245,2017-07-18 18:04:32
687,"Loving the vibe!",31,208,2016-10-29 00:33:46
688,"Absolutely stunning!",47,2,2017-12-06 05:13:45
689,"This is so cool!",85,88,2017-01-16 22:54:27
690,"This is so cool!",45,168,2016-08-28 14:19:18
691,"Amazing shot!",87,188,2017-05-10 19:37:37
692,"Goals!",58,54,2017-07-20 20:43:56
693,"Loving the vibe!",20,38,2018-03-29 06:20:34
694,"This made my day!",10,72,2018-01-03 14:29:17
695,"Mood!",59,21,2018-01-26 19:27:06
696,"Perfect lighting!",99,138,2017-08-15 22:41:55
697,"Mood!",78,148,2016-06-17 05:45:53
698,"This made my day!",17,20,2016-07-05 22:02:00
699,"Mood!",89,118,2017-08-18 21:46:50
700,"Loving the vibe!",92,129,2017-03-26 23:36:23
701,"Masterpiece!",17,153,2017-05-12 22:11:58
702,"So beautiful!",66,34,2017-03-18 12:37:33
703,"Love this!",58,235,2018-04-02 16:04:15
704,"This is so cool!",12,183,2017-01-27 19:48:19
705,"Absolutely stunning!",52,230,2017-10-03 07:08:08
706,"Amazing shot!",70,96,2018-02-21 16:27:25
707,"So beautiful!",36,195,2018-02-19 02:18:40
708,"Iconic!",93,237,2018-02-16 19:22:36
709,"Mood!",64,197,2016-11-01 22:42:21
710,"Loving the vibe!",74,224,2017-10-23 05:36:13
711,"Loving the vibe!",17,164,2018-01-12 07:08:30
712,"Mood!",64,20,2017-04-22 19:05:32
713,"This is so cool!",1,205,2018-04-30 22:45:46
714,"Love this!",31,189,2017-03-03 01:05:18
715,"Absolutely stunning!",85,185,2017-06-26 22:33:24
716,"Obsessed with this!",43,234,2016-07-10 01:06:55
717,"This is so cool!",87,64,2017-03-14 19:43:30
718,"Brilliant!",23,176,2017-03-02 09:08:46
719,"Fire!",24,202,2018-01-29 14:20:51
720,"Brilliant!",26,72,2018-02-17 10:42:36
721,"Wow, stunning!",24,127,2018-05-01 19:23:42
722,"Absolutely stunning!",95,138,2017-01-14 07:05:02
723,"This made my day!",70,53,2017-07-20 05:59:11
724,"This made my day!",34,41,2016-12-09 19:24:26
725,"Iconic!",98,173,2016-11-30 12:30:03
726,"Obsessed with this!",50,86,2016-11-23 14:41:47
727,"Perfect lighting!",76,114,2017-05-18 19:17:14
728,"Great photo!",78,190,2017-01-15 18:22:03
729,"Brilliant!",14,201,2017-06-10 00:56:03
730,"Absolutely stunning!",63,135,2017-12-25 11:48:36
731,"Iconic!",3,165,2018-04-28 10:27:37
732,"Amazing shot!",34,115,2016-12-16 11:09:49
733,"Loving the vibe!",81,62,2018-01-12 02:42:46
734,"Masterpiece!",15,247,2017-10-09 06:00:02
735,"Loving the vibe!",7,102,2017-05-08 21:11:20
736,"Love this!",31,138,2016-08-28 13:15:39
737,"I love it!",27,202,2016-08-30 11:50:30
738,"Great photo!",38,233,2017-05-01 11:56:00
739,"Incredible!",26,55,2016-11-25 13:19:46
740,"So aesthetic!",80,110,2017-10-01 19:05:50
741,"So aesthetic!",13,122,2017-09-02 11:33:11
742,"Masterpiece!",6,9,2017-02-28 05:26:59
743,"I love it!",90,56,2016-08-29 01:16:52
744,"This is so cool!",100,182,2017-09-11 13:56:31
745,"Obsessed with this!",79,63,2017-11-19 17:13:02
746,"Iconic!",8,68,2016-06-07 09:53:29
747,"Perfect lighting!",47,67,2017-11-09 19:10:46
748,"Absolutely stunning!",99,179,2016-11-14 04:58:57
749,"So aesthetic!",43,220,2016-07-30 11:48:46
750,"Fire!",99,213,2017-12-04 16:06:00
751,"This is so cool!",36,153,2016-10-20 17:56:20
752,"Loving the vibe!",91,173,2017-05-12 10:10:49
753,"Obsessed with this!",70,174,2017-08-07 13:14:32
754,"This is so cool!",92,148,2017-10-28 04:41:34
755,"So beautiful!",39,61,2017-08-13 12:05:54
756,"Amazing shot!",4,70,2016-07-11 01:33:39
757,"Brilliant!",20,158,2018-03-17 08:21:30
758,"So beautiful!",76,119,2017-01-29 04:46:27
759,"This made my day!",15,167,2016-08-10 07:35:08
760,"This made my day!",1,166,2017-10-06 01:13:48
761,"So aesthetic!",67,105,2017-12-21 06:37:54
762,"I love it!",88,52,2017-04-07 10:21:12
763,"Absolutely stunning!",67,197,2018-01-22 22:34:19
764,"Wow, stunning!",92,252,2017-10-25 08:05:09
765,"I love it!",58,226,2018-03-21 15:02:49
766,"Wow, stunning!",20,4,2017-06-11 18:45:43
767,"Brilliant!",95,86,2017-03-22 07:36:53
768,"This is so cool!",9,112,2017-12-09 03:51:15
769,"Incredible!",95,69,2016-08-04 04:35:53
770,"Amazing shot!",26,74,2018-03-04 11:05:59
771,"Love this!",80,48,2017-06-22 00:17:43
772,"So aesthetic!",12,126,2017-02-24 17:49:24
773,"Mood!",21,105,2017-09-18 12:33:40
774,"Iconic!",4,85,2017-07-19 18:53:04
775,"Fire!",91,45,2016-11-29 06:34:40
776,"Fire!",45,246,2017-04-25 09:28:43
777,"Mood!",96,186,2018-03-05 09:40:16
778,"Absolutely stunning!",62,70,2016-11-06 20:47:50
779,"Wow, stunning!",5,167,2018-02-24 03:17:07
780,"Absolutely stunning!",66,233,2018-04-05 20:09:47
781,"Absolutely stunning!",31,53,2016-07-25 20:00:07
782,"Great photo!",24,226,2018-03-23 17:04:02
783,"Fire!",23,33,2017-01-07 07:13:14
784,"Obsessed with this!",57,112,2018-04-03 21:12:36
785,"This made my day!",24,15,2016-12-04 06:16:55
786,"So aesthetic!",20,110,2016-11-23 03:40:13
787,"This made my day!",94,219,2018-04-05 21:18:20
788,"Perfect lighting!",10,156,2017-12-19 20:02:55
789,"This made my day!",31,86,2018-03-31 13:14:29
790,"Obsessed with this!",90,126,2017-12-06 07:23:52
791,"So aesthetic!",40,137,2016-10-04 17:48:27
792,"Iconic!",93,238,2017-01-11 05:52:56
793,"Perfect lighting!",51,149,2016-06-21 20:47:27
794,"Goals!",43,134,2018-01-13 18:08:09
795,"This is so cool!",79,60,2017-09-01 21:58:36
796,"Amazing shot!",75,225,2016-12-09 20:47:27
797,"So beautiful!",23,226,2016-11-13 02:01:06
798,"Masterpiece!",43,127,2017-09-23 19:11:14
799,"Incredible!",64,58,2017-10-16 11:54:04
800,"Wow, stunning!",18,125,2016-10-31 01:01:20
801,"Wow, stunning!",87,51,2017-06-09 14:27:32
802,"Mood!",94,28,2016-12-10 06:18:30
803,"Goals!",5,23,2017-12-20 17:48:07
804,"Loving the vibe!",78,239,2017-10-29 18:25:11
805,"Brilliant!",73,225,2017-01-02 13:33:04
806,"This is so cool!",86,183,2017-01-29 23:12:28
807,"Love this!",69,202,2016-07-12 07:21:15
808,"I love it!",3,143,2017-01-28 14:07:16
809,"Great photo!",74,165,2017-09-15 02:25:04
810,"Incredible!",45,84,2018-01-06 03:24:24
811,"Obsessed with this!",3,77,2016-11-19 21:22:03
812,"Amazing shot!",96,179,2016-09-03 11:01:27
813,"Goals!",26,245,2018-04-01 18:37:07
814,"Masterpiece!",25,30,2016-12-19 00:10:43
815,"Iconic!",74,213,2016-08-24 07:39:39
816,"So beautiful!",88,256,2018-02-14 04:11:35
817,"Wow, stunning!",51,25,2016-11-03 04:12:26
818,"Great photo!",27,81,2017-09-15 14:55:54
819,"Love this!",60,72,2016-09-26 22:03:28
820,"Great photo!",99,46,2016-09-24 13:55:45
821,"Wow, stunning!",52,54,2016-12-03 01:31:25
822,"Fire!",16,17,2016-10-18 12:29:09
823,"Perfect lighting!",85,225,2016-12-20 22:40:54
824,"Love this!",96,110,2017-03-28 20:49:17
825,"Absolutely stunning!",25,221,2017-05-12 07:35:15
826,"This is so cool!",69,7,2017-09-10 23:41:18
827,"Loving the vibe!",86,155,2016-09-15 05:26:52
828,"This is so cool!",98,145,2016-09-11 03:16:49
829,"Mood!",37,12,2018-05-01 14:22:25
830,"This made my day!",81,72,2016-06-09 20:59:13
831,"Wow, stunning!",86,168,2016-11-01 21:42:41
832,"Wow, stunning!",37,193,2016-06-18 21:31:56
833,"Brilliant!",25,188,2017-06-25 02:24:13
834,"Incredible!",95,1,2018-04-14 20:42:42
835,"Wow, stunning!",77,177,2018-01-19 18:04:44
836,"Perfect lighting!",3,50,2017-09-08 04:19:11
837,"So aesthetic!",36,98,2017-06-03 20:00:49
838,"Absolutely stunning!",42,188,2017-04-11 04:44:43
839,"So beautiful!",4,133,2016-11-07 00:56:01
840,"So aesthetic!",62,28,2016-10-05 13:10:24
841,"Iconic!",79,83,2017-01-23 20:17:56
842,"Love this!",64,143,2016-11-18 21:48:40
843,"Fire!",80,32,2016-08-27 15:42:01
844,"So aesthetic!",76,12,2017-01-20 04:43:57
845,"Loving the vibe!",17,145,2018-03-28 03:53:49
846,"Goals!",44,164,2016-11-10 23:00:02
847,"I love it!",1,114,2016-07-04 09:05:28
848,"Amazing shot!",8,64,2018-02-21 13:13:23
849,"Obsessed with this!",52,255,2018-03-18 16:26:15
850,"I love it!",48,217,2018-02-28 02:21:44
851,"Obsessed with this!",48,227,2018-04-25 12:40:17
852,"So aesthetic!",48,146,2016-11-24 08:57:36
853,"Great photo!",33,246,2016-10-19 09:08:32
854,"Amazing shot!",60,223,2016-09-22 01:36:23
855,"Loving the vibe!",8,61,2016-10-04 01:24:36
856,"So aesthetic!",27,14,2017-12-20 08:22:07
857,"Absolutely stunning!",13,231,2017-03-10 03:16:33
858,"So aesthetic!",63,83,2017-11-11 01:33:06
859,"Loving the vibe!",70,7,2016-09-08 13:20:04
860,"Wow, stunning!",58,55,2018-01-28 01:06:35
861,"This made my day!",93,56,2016-08-02 16:52:26
862,"So aesthetic!",26,22,2017-09-07 03:42:05
863,"Fire!",32,28,2017-01-21 12:05:34
864,"Brilliant!",7,148,2017-11-26 10:01:56
865,"Incredible!",63,154,2017-07-16 06:22:15
866,"Amazing shot!",15,101,2016-06-18 20:34:32
867,"Brilliant!",56,94,2017-11-27 19:13:42
868,"Fire!",87,182,2017-08-11 15:38:13
869,"Iconic!",77,130,2016-07-01 07:26:52
870,"This made my day!",16,3,2016-12-21 07:17:42
871,"This is so cool!",78,207,2017-08-25 09:15:21
872,"So aesthetic!",56,202,2016-10-31 02:52:25
873,"Loving the vibe!",46,33,2017-02-02 05:01:57
874,"Amazing shot!",90,244,2016-07-03 02:05:47
875,"So aesthetic!",35,207,2017-08-10 03:38:49
876,"Obsessed with this!",40,170,2016-06-26 02:28:08
877,"Fire!",15,26,2018-01-24 17:40:55
878,"Great photo!",86,240,2017-02-14 01:21:35
879,"Obsessed with this!",3,135,2017-01-28 19:48:07
880,"Obsessed with this!",99,35,2018-03-09 09:48:51
881,"This made my day!",74,2,2017-02-11 02:23:41
882,"Goals!",23,22,2018-02-16 22:10:03
883,"Obsessed with this!",65,20,2017-04-01 23:32:29
884,"Absolutely stunning!",77,255,2018-02-11 19:16:01
885,"So beautiful!",64,115,2016-12-21 16:51:58
886,"Great photo!",76,225,2017-07-30 13:54:58
887,"Great photo!",78,150,2017-07-26 13:54:30
888,"Incredible!",13,77,2017-10-10 10:26:12
889,"Iconic!",7,249,2018-01-06 09:41:27
890,"This is so cool!",32,120,2017-04-27 15:54:24
891,"Loving the vibe!",24,108,2018-04-17 21:31:00
892,"Obsessed with this!",77,149,2018-01-04 04:08:54
893,"Amazing shot!",79,229,2016-08-08 09:36:57
894,"Wow, stunning!",22,221,2016-06-27 07:48:14
895,"Loving the vibe!",60,27,2017-09-15 19:40:51
896,"So beautiful!",22,55,2017-07-26 01:59:58
897,"Goals!",21,15,2016-09-06 19:52:12
898,"Masterpiece!",31,190,2018-01-07 18:40:34
899,"Wow, stunning!",77,230,2016-09-23 03:02:24
900,"Mood!",57,12,2017-10-29 22:47:25
901,"Loving the vibe!",76,149,2016-07-02 02:34:14
902,"Goals!",70,205,2017-04-08 19:28:57
903,"Great photo!",18,83,2017-09-06 12:57:48
904,"Obsessed with this!",67,120,2017-08-25 18:27:13
905,"Amazing shot!",48,225,2017-12-05 06:16:59
906,"Goals!",8,14,2017-12-06 01:42:17
907,"This made my day!",54,243,2017-09-28 03:24:41
908,"Absolutely stunning!",24,97,2017-12-29 03:05:57
909,"So beautiful!",39,207,2018-03-26 03:03:34
910,"Obsessed with this!",21,256,2017-03-04 06:01:12
911,"Mood!",77,217,2017-10-30 05:28:38
912,"Obsessed with this!",60,201,2018-04-18 17:22:19
913,"Goals!",86,26,2016-07-15 21:26:20
914,"Great photo!",46,118,2017-02-20 03:13:11
915,"Great photo!",75,217,2017-05-30 15:33:07
916,"Mood!",6,254,2018-03-20 09:02:00
917,"I love it!",23,250,2018-04-22 20:08:30
918,"Absolutely stunning!",29,171,2017-05-29 03:53:45
919,"Obsessed with this!",100,236,2018-04-06 23:20:40
920,"I love it!",51,94,2018-03-18 01:38:40
921,"I love it!",78,216,2018-02-15 13:42:04
922,"Goals!",50,128,2018-02-17 15:37:50
923,"Fire!",4,137,2017-11-06 11:22:26
924,"Fire!",20,34,2016-06-12 05:34:07
925,"Absolutely stunning!",44,53,2016-10-24 05:49:06
926,"So aesthetic!",46,125,2017-03-09 19:45:22
927,"Amazing shot!",70,65,2017-10-28 20:53:38
928,"Goals!",100,114,2017-11-30 14:34:05
929,"Perfect lighting!",69,257,2018-02-19 01:29:45
930,"Goals!",56,71,2017-07-10 17:27:32
931,"Masterpiece!",20,228,2018-01-11 02:28:52
932,"So beautiful!",3,33,2017-04-04 02:41:20
933,"Brilliant!",15,128,2018-04-09 21:50:02
934,"Incredible!",82,84,2017-07-23 03:55:50
935,"Iconic!",30,110,2017-07-23 00:00:55
936,"Perfect lighting!",44,96,2016-07-15 09:15:59
937,"Absolutely stunning!",42,49,2017-05-07 00:47:54
938,"Goals!",22,185,2017-04-06 18:02:38
939,"Masterpiece!",34,64,2016-09-08 15:36:59
940,"Incredible!",84,17,2017-03-24 09:57:41
941,"Absolutely stunning!",4,214,2016-08-04 17:06:49
942,"So beautiful!",97,248,2017-11-11 04:36:56
943,"Masterpiece!",90,133,2017-12-04 20:52:15
944,"Mood!",97,22,2017-12-07 00:06:13
945,"Mood!",52,237,2016-10-27 03:31:40
946,"Fire!",35,41,2017-03-05 15:03:44
947,"Perfect lighting!",67,54,2017-05-01 22:39:58
948,"Absolutely stunning!",24,202,2017-02-27 19:52:34
949,"Obsessed with this!",79,128,2017-07-11 22:31:13
950,"I love it!",71,226,2017-11-01 13:52:39
951,"So beautiful!",73,160,2017-05-02 12:23:21
952,"This made my day!",76,134,2018-04-07 01:47:41
953,"Masterpiece!",15,64,2016-10-17 21:48:46
954,"Love this!",87,93,2017-10-03 13:09:18
955,"Love this!",32,196,2017-05-26 04:07:42
956,"So beautiful!",10,243,2017-08-07 02:15:09
957,"Incredible!",30,203,2017-08-06 11:26:47
958,"Wow, stunning!",32,211,2016-09-11 18:44:18
959,"This made my day!",75,134,2017-06-17 21:49:36
960,"Iconic!",8,195,2016-06-08 01:47:22
961,"Wow, stunning!",4,155,2017-04-02 19:18:34
962,"This is so cool!",75,129,2016-07-19 10:40:45
963,"Goals!",49,193,2017-12-23 22:19:58
964,"Iconic!",56,221,2017-07-26 01:49:13
965,"Goals!",42,224,2016-11-13 00:31:21
966,"So aesthetic!",40,162,2017-06-08 17:50:29
967,"This made my day!",97,227,2017-12-03 01:03:45
968,"I love it!",74,231,2017-04-23 08:02:11
969,"So aesthetic!",25,15,2016-10-12 08:49:47
970,"Absolutely stunning!",48,133,2017-06-26 04:45:45
971,"So aesthetic!",82,95,2017-05-11 10:31:44
972,"Absolutely stunning!",7,56,2018-03-10 12:09:38
973,"Perfect lighting!",78,178,2016-07-25 00:20:00
974,"This is so cool!",89,218,2016-12-09 04:18:40
975,"I love it!",23,78,2016-12-03 16:27:14
976,"I love it!",62,243,2017-07-16 04:53:27
977,"Masterpiece!",98,162,2016-08-08 14:12:16
978,"So beautiful!",4,54,2016-11-29 10:13:42
979,"So beautiful!",91,52,2017-06-17 18:19:36
980,"Love this!",33,199,2016-06-07 19:32:46
981,"Iconic!",2,56,2018-01-24 18:47:48
982,"Iconic!",51,247,2017-12-25 04:39:17
983,"This is so cool!",26,41,2018-01-13 21:40:56
984,"Amazing shot!",46,228,2017-03-07 16:14:33
985,"Goals!",18,210,2016-11-16 23:15:01
986,"Great photo!",10,76,2016-11-16 01:56:48
987,"Perfect lighting!",27,129,2017-10-04 12:27:26
988,"Brilliant!",30,221,2018-01-24 14:02:56
989,"Fire!",97,25,2017-12-20 12:45:21
990,"Brilliant!",82,87,2017-02-27 18:42:58
991,"Wow, stunning!",23,159,2016-10-05 20:17:51
992,"Loving the vibe!",89,120,2017-04-29 09:13:09
993,"Love this!",47,138,2016-07-03 15:37:40
994,"Brilliant!",33,157,2017-03-20 23:44:46
995,"Wow, stunning!",60,174,2016-12-19 02:47:33
996,"Incredible!",15,72,2016-11-05 16:17:28
997,"Masterpiece!",37,252,2016-08-26 16:24:40
998,"Incredible!",57,204,2017-02-04 10:41:05
999,"Iconic!",87,86,2016-11-21 01:07:04
1000,"This is so cool!",25,195,2016-08-14 17:17:04
1001,"Mood!",46,7,2016-08-02 02:26:57
1002,"Perfect lighting!",78,199,2016-07-13 09:16:54
1003,"Love this!",43,100,2017-07-01 22:10:07
1004,"Mood!",30,167,2017-10-29 05:16:22
1005,"This made my day!",35,118,2017-01-22 11:07:33
1006,"Great photo!",2,19,2017-11-10 02:31:00
1007,"Fire!",92,203,2017-09-29 18:23:31
1008,"So aesthetic!",37,35,2017-05-20 06:16:17
1009,"Goals!",36,131,2018-04-18 13:05:15
1010,"So aesthetic!",34,135,2016-07-25 19:21:35
1011,"So beautiful!",27,186,2017-09-30 21:56:45
1012,"Fire!",80,112,2017-12-18 03:54:04
1013,"Perfect lighting!",2,165,2018-03-22 21:41:26
1014,"Mood!",16,76,2017-09-11 18:17:22
1015,"Mood!",66,131,2017-07-01 22:38:59
1016,"Obsessed with this!",73,218,2017-11-23 18:43:55
1017,"Masterpiece!",100,80,2016-08-02 11:08:37
1018,"Iconic!",62,69,2016-09-16 09:59:05
1019,"Goals!",58,71,2017-06-21 08:28:00
1020,"Masterpiece!",5,46,2017-12-06 13:53:02
1021,"This is so cool!",91,130,2017-03-02 04:48:47
1022,"Obsessed with this!",27,116,2017-09-04 05:55:29
1023,"Perfect lighting!",67,121,2018-01-03 03:45:27
1024,"Mood!",20,58,2017-10-25 01:05:43
1025,"Obsessed with this!",51,81,2017-01-02 06:16:37
1026,"Obsessed with this!",67,26,2017-12-23 07:43:19
1027,"Great photo!",22,75,2016-07-16 04:15:31
1028,"Perfect lighting!",2,95,2016-11-27 00:04:36
1029,"Loving the vibe!",3,33,2017-07-01 16:47:44
1030,"Great photo!",56,195,2016-07-17 01:05:06
1031,"Absolutely stunning!",66,247,2016-10-03 00:24:28
1032,"I love it!",71,43,2016-12-11 13:34:06
1033,"I love it!",50,48,2016-08-03 08:33:52
1034,"This made my day!",71,149,2018-03-28 08:52:57
1035,"Iconic!",76,25,2017-03-10 15:19:59
1036,"Incredible!",97,71,2017-04-19 11:15:44
1037,"Great photo!",53,162,2016-07-06 00:07:58
1038,"Fire!",26,9,2017-07-19 06:38:24
1039,"Goals!",1,190,2017-05-04 21:25:13
1040,"So beautiful!",49,225,2017-05-06 00:42:41
1041,"So aesthetic!",89,24,2017-08-18 14:11:49
1042,"So beautiful!",35,48,2016-06-14 23:34:03
1043,"I love it!",51,190,2016-08-28 03:17:15
1044,"I love it!",91,116,2016-06-02 16:16:31
1045,"Great photo!",70,166,2017-07-14 22:21:33
1046,"Masterpiece!",76,138,2017-09-24 01:31:39
1047,"Brilliant!",67,8,2017-12-28 07:05:12
1048,"Mood!",56,215,2016-12-25 10:42:41
1049,"Absolutely stunning!",71,73,2017-11-30 20:39:39
1050,"This is so cool!",73,208,2017-07-03 22:05:51
1051,"Loving the vibe!",59,8,2017-01-26 19:39:30
1052,"Iconic!",56,61,2017-11-24 23:19:56
1053,"Brilliant!",63,38,2016-07-02 13:30:27
1054,"This is so cool!",76,220,2017-06-07 16:30:45
1055,"Absolutely stunning!",10,233,2016-06-24 21:39:08
1056,"Amazing shot!",31,65,2016-08-29 04:49:53
1057,"Fire!",56,184,2018-03-09 19:00:16
1058,"Absolutely stunning!",74,96,2016-06-16 11:01:18
1059,"Obsessed with this!",71,3,2017-06-13 05:04:05
1060,"Brilliant!",10,237,2017-05-10 18:35:11
1061,"Iconic!",16,236,2017-09-11 10:35:14
1062,"Wow, stunning!",91,47,2017-10-13 10:48:21
1063,"So beautiful!",50,95,2016-09-07 19:43:36
1064,"Goals!",87,75,2016-09-03 22:09:24
1065,"Wow, stunning!",92,207,2017-08-21 09:41:40
1066,"Wow, stunning!",23,84,2018-02-08 17:23:10
1067,"Fire!",43,39,2016-07-25 09:37:26
1068,"Goals!",93,188,2016-10-14 03:49:53
1069,"I love it!",71,178,2017-06-17 17:41:54
1070,"So aesthetic!",6,164,2017-10-31 04:36:09
1071,"Wow, stunning!",1,73,2017-06-11 18:05:35
1072,"Love this!",1,10,2016-08-04 23:00:53
1073,"This made my day!",52,113,2017-07-25 10:00:59
1074,"This is so cool!",7,236,2017-01-03 04:57:07
1075,"This is so cool!",36,241,2017-10-29 05:55:58
1076,"Goals!",79,168,2016-06-06 02:07:36
1077,"Loving the vibe!",12,249,2018-03-30 18:48:46
1078,"Goals!",24,83,2017-09-07 08:45:05
1079,"So aesthetic!",12,70,2016-08-14 14:10:50
1080,"Amazing shot!",70,192,2017-10-07 02:23:59
1081,"Mood!",8,180,2018-03-19 02:08:53
1082,"Obsessed with this!",12,60,2017-06-16 00:02:14
1083,"Fire!",79,92,2016-09-20 23:55:06
1084,"This is so cool!",12,162,2017-08-12 02:56:39
1085,"Brilliant!",96,23,2017-01-19 16:02:28
1086,"Incredible!",7,70,2016-07-15 01:11:42
1087,"So aesthetic!",60,37,2018-01-29 11:25:44
1088,"Amazing shot!",88,8,2017-10-09 09:20:10
1089,"Loving the vibe!",90,45,2018-01-09 11:22:08
1090,"I love it!",92,168,2017-01-19 23:30:54
1091,"So aesthetic!",73,240,2018-01-29 20:13:08
1092,"So aesthetic!",74,110,2017-05-19 04:47:16
1093,"Goals!",77,132,2017-09-27 04:12:27
1094,"Masterpiece!",53,46,2017-11-10 05:08:34
1095,"I love it!",61,104,2017-12-04 03:00:32
1096,"Love this!",99,37,2017-02-20 12:05:53
1097,"Brilliant!",6,79,2017-12-27 22:14:15
1098,"This is so cool!",52,114,2016-08-10 17:02:57
1099,"Brilliant!",38,110,2017-08-23 09:19:18
1100,"This made my day!",68,124,2016-11-03 15:18:58
1101,"Absolutely stunning!",68,31,2017-03-07 19:52:02
1102,"So aesthetic!",56,20,2017-09-02 07:03:16
1103,"Goals!",76,113,2017-04-03 19:43:53
1104,"Mood!",65,100,2017-04-07 06:26:23
1105,"I love it!",30,196,2017-07-21 05:01:14
1106,"This made my day!",70,25,2017-05-09 01:55:56
1107,"Goals!",58,228,2016-07-22 14:19:33
1108,"Masterpiece!",47,230,2017-05-10 12:49:54
1109,"This is so cool!",47,204,2016-12-28 20:33:19
1110,"Masterpiece!",24,5,2016-07-05 19:41:29
1111,"Great photo!",43,167,2016-07-14 17:57:48
1112,"Amazing shot!",81,159,2018-04-14 21:50:54
1113,"Great photo!",14,120,2016-08-25 03:38:42
1114,"Great photo!",60,199,2018-02-06 00:41:43
1115,"Fire!",43,152,2018-04-30 14:09:55
1116,"This is so cool!",7,91,2018-03-12 00:51:58
1117,"Perfect lighting!",52,190,2017-04-19 09:45:33
1118,"This is so cool!",90,43,2016-06-01 03:00:38
1119,"This is so cool!",86,70,2017-08-23 11:25:23
1120,"Love this!",73,183,2016-06-11 05:44:57
1121,"So beautiful!",54,26,2017-04-24 04:02:28
1122,"This is so cool!",44,110,2017-05-22 23:50:09
1123,"Fire!",88,133,2018-03-11 22:29:14
1124,"Fire!",44,17,2017-03-17 01:35:44
1125,"Fire!",64,52,2016-12-13 04:42:06
1126,"Brilliant!",60,26,2018-01-26 13:19:52
1127,"So beautiful!",4,119,2016-07-20 00:21:14
1128,"Masterpiece!",51,148,2017-01-08 11:04:14
1129,"Incredible!",99,7,2018-01-14 04:18:54
1130,"Brilliant!",1,143,2016-10-08 01:08:39
1131,"So beautiful!",6,146,2016-08-13 19:45:40
1132,"Perfect lighting!",39,49,2018-04-01 12:15:46
1133,"Mood!",79,90,2017-06-03 12:36:05
1134,"Brilliant!",98,125,2018-01-02 12:23:45
1135,"Absolutely stunning!",6,186,2016-08-12 01:12:39
1136,"Iconic!",8,209,2018-01-05 21:01:48
1137,"Absolutely stunning!",2,10,2018-01-06 15:36:00
1138,"So beautiful!",71,31,2017-12-12 14:05:06
1139,"Iconic!",92,225,2017-02-25 01:36:18
1140,"Iconic!",100,124,2017-10-26 09:43:23
1141,"Incredible!",89,65,2018-04-10 07:03:27
1142,"I love it!",73,148,2018-01-16 13:39:07
1143,"Amazing shot!",29,11,2017-07-08 17:52:07
1144,"This is so cool!",59,194,2017-05-09 11:56:43
1145,"This is so cool!",2,112,2018-03-11 12:40:05
1146,"Iconic!",2,38,2017-01-04 13:48:59
1147,"Absolutely stunning!",33,67,2016-12-06 10:24:29
1148,"Mood!",14,236,2017-02-16 06:41:27
1149,"This is so cool!",75,32,2018-04-09 20:51:02
1150,"Perfect lighting!",90,77,2017-01-13 11:12:12
1151,"So beautiful!",43,49,2016-06-16 01:09:47
1152,"So aesthetic!",74,21,2018-04-25 01:41:21
1153,"Amazing shot!",46,126,2018-03-15 19:41:51
1154,"Perfect lighting!",53,130,2016-06-15 05:30:53
1155,"Absolutely stunning!",15,46,2017-07-08 16:10:05
1156,"Masterpiece!",29,70,2016-06-07 10:15:08
1157,"Fire!",87,172,2017-05-09 20:28:57
1158,"This made my day!",70,231,2018-01-01 06:46:28
1159,"Obsessed with this!",12,88,2018-01-29 15:25:08
1160,"Absolutely stunning!",40,86,2016-07-18 08:24:30
1161,"This is so cool!",31,215,2016-06-09 05:09:02
1162,"Brilliant!",59,190,2017-11-16 06:47:29
1163,"Fire!",10,131,2017-09-18 00:53:52
1164,"Amazing shot!",89,65,2017-08-30 04:10:12
1165,"This is so cool!",12,177,2017-01-18 20:03:05
1166,"Incredible!",1,93,2017-08-16 06:07:32
1167,"So beautiful!",13,88,2017-05-28 19:05:38
1168,"Amazing shot!",16,251,2017-06-10 20:35:26
1169,"Great photo!",13,223,2016-09-23 18:19:06
1170,"Mood!",56,109,2017-06-16 12:05:57
1171,"Obsessed with this!",71,42,2017-04-17 20:42:56
1172,"Iconic!",96,238,2016-11-19 03:25:46
1173,"Love this!",49,23,2017-05-14 08:36:16
1174,"So beautiful!",62,111,2017-12-13 13:40:09
1175,"Loving the vibe!",78,80,2018-01-17 17:27:41
1176,"This made my day!",23,142,2017-04-15 01:56:41
1177,"Loving the vibe!",85,50,2016-10-20 06:07:16
1178,"This is so cool!",93,245,2016-06-02 01:57:54
1179,"Masterpiece!",23,110,2017-03-29 19:32:20
1180,"Wow, stunning!",17,118,2018-04-10 05:39:40
1181,"So beautiful!",8,130,2017-03-12 10:08:55
1182,"Incredible!",63,143,2016-10-13 19:06:39
1183,"So beautiful!",96,57,2017-08-06 13:06:13
1184,"Amazing shot!",74,101,2018-04-21 04:36:24
1185,"Wow, stunning!",95,7,2016-07-07 23:05:05
1186,"Goals!",27,26,2016-10-31 07:58:27
1187,"Fire!",17,67,2017-10-23 13:04:37
1188,"Perfect lighting!",17,53,2017-06-17 07:03:43
1189,"Loving the vibe!",6,67,2016-09-04 15:12:58
1190,"So aesthetic!",43,25,2017-02-15 14:24:47
1191,"Love this!",26,2,2017-05-19 21:39:30
1192,"Fire!",30,226,2017-09-14 12:57:23
1193,"Masterpiece!",51,50,2017-12-03 08:09:52
1194,"Amazing shot!",17,37,2018-03-30 05:53:40
1195,"So aesthetic!",77,46,2018-05-01 02:41:42
1196,"Absolutely stunning!",61,153,2018-02-13 01:29:17
1197,"Great photo!",21,112,2016-06-30 09:35:59
1198,"So beautiful!",32,142,2018-02-25 14:05:37
1199,"Wow, stunning!",51,84,2018-01-03 02:57:17
1200,"So aesthetic!",26,61,2017-10-12 00:30:33
1201,"Brilliant!",65,29,2017-07-21 20:17:10
1202,"Absolutely stunning!",48,214,2017-09-15 01:28:38
1203,"Absolutely stunning!",50,120,2016-11-04 03:03:44
1204,"Brilliant!",74,202,2017-06-06 02:12:02
1205,"Goals!",39,147,2017-04-04 23:53:06
1206,"So aesthetic!",5,226,2017-07-06 07:08:55
1207,"Masterpiece!",88,157,2016-12-11 08:10:54
1208,"Brilliant!",73,214,2016-06-09 11:00:23
1209,"This is so cool!",78,193,2017-09-08 06:54:33
1210,"Absolutely stunning!",17,87,2016-10-16 15:47:44
1211,"I love it!",16,46,2016-10-29 09:18:38
1212,"This made my day!",53,71,2018-04-02 20:11:59
1213,"Goals!",90,165,2018-04-21 05:30:31
1214,"Mood!",13,21,2017-10-18 21:37:52
1215,"Masterpiece!",88,51,2017-07-23 05:22:15
1216,"I love it!",82,123,2016-08-26 23:57:27
1217,"Goals!",77,195,2017-01-12 07:19:07
1218,"Wow, stunning!",44,123,2017-03-16 16:46:55
1219,"Love this!",24,188,2017-06-09 19:21:21
1220,"Perfect lighting!",31,116,2017-02-22 07:21:56
1221,"So beautiful!",5,124,2016-08-20 13:19:11
1222,"Absolutely stunning!",86,256,2016-06-29 13:36:42
1223,"Brilliant!",93,137,2017-09-22 14:12:51
1224,"Iconic!",89,138,2017-05-05 16:30:45
1225,"This made my day!",52,138,2016-12-22 13:07:30
1226,"Brilliant!",31,224,2017-12-30 17:11:30
1227,"Absolutely stunning!",35,202,2018-01-30 18:18:21
1228,"So aesthetic!",49,33,2016-12-31 10:12:26
1229,"This is so cool!",17,41,2017-05-18 10:23:47
1230,"Mood!",48,12,2016-06-09 20:51:03
1231,"Loving the vibe!",43,157,2016-08-29 12:26:26
1232,"Masterpiece!",24,205,2016-10-25 11:45:48
1233,"Absolutely stunning!",48,196,2017-04-06 16:15:47
1234,"Perfect lighting!",24,58,2016-06-14 16:30:01
1235,"Perfect lighting!",36,70,2017-06-12 21:25:36
1236,"This is so cool!",16,137,2017-06-30 04:27:41
1237,"Goals!",37,27,2018-03-29 19:49:23
1238,"Perfect lighting!",75,101,2016-11-09 15:07:34
1239,"This made my day!",15,155,2017-04-13 07:46:22
1240,"Fire!",92,29,2018-01-02 15:01:26
1241,"Perfect lighting!",29,235,2016-09-15 00:39:28
1242,"Iconic!",4,63,2017-11-26 12:58:16
1243,"Great photo!",22,73,2016-08-21 13:24:41
1244,"So beautiful!",94,229,2017-12-23 10:13:31
1245,"Brilliant!",21,108,2018-04-05 10:10:16
1246,"So aesthetic!",95,91,2017-10-31 16:46:18
1247,"Iconic!",34,137,2016-07-20 04:05:36
1248,"This is so cool!",64,100,2018-03-26 00:55:18
1249,"This made my day!",89,211,2016-10-30 08:06:11
1250,"Fire!",57,237,2016-10-14 21:01:08
1251,"This made my day!",56,205,2017-07-22 06:51:20
1252,"Amazing shot!",25,240,2016-09-23 10:08:44
1253,"Brilliant!",8,24,2016-11-04 15:59:43
1254,"Amazing shot!",69,33,2017-06-12 11:51:01
1255,"Love this!",84,24,2016-06-26 05:32:00
1256,"Wow, stunning!",62,92,2016-08-07 11:15:25
1257,"Fire!",24,164,2018-04-10 07:05:41
1258,"Amazing shot!",16,218,2018-02-09 10:57:48
1259,"Incredible!",30,64,2017-07-13 19:15:48
1260,"Iconic!",81,45,2016-11-16 01:16:38
1261,"Incredible!",26,63,2017-06-23 22:39:43
1262,"Wow, stunning!",45,180,2017-11-13 14:13:38
1263,"Masterpiece!",23,14,2018-03-23 06:47:23
1264,"Perfect lighting!",74,249,2017-05-19 04:39:13
1265,"Masterpiece!",93,192,2017-05-27 07:45:45
1266,"This is so cool!",31,76,2016-11-02 23:17:57
1267,"Perfect lighting!",89,227,2018-02-21 06:55:17
1268,"Amazing shot!",67,90,2017-03-22 13:14:16
1269,"Brilliant!",61,114,2017-01-17 04:42:14
1270,"So aesthetic!",30,217,2016-08-29 18:28:09
1271,"Iconic!",45,18,2017-07-12 03:20:11
1272,"Love this!",7,236,2017-11-06 06:49:27
1273,"Great photo!",50,255,2017-10-31 05:46:01
1274,"Love this!",26,196,2016-09-10 00:30:55
1275,"Wow, stunning!",63,64,2017-07-11 03:37:57
1276,"Mood!",46,114,2018-04-26 20:23:49
1277,"So beautiful!",81,94,2017-10-18 22:56:50
1278,"Mood!",56,135,2017-02-20 14:39:21
1279,"This made my day!",62,103,2017-08-28 09:33:46
1280,"Incredible!",17,75,2017-01-08 05:33:43
1281,"Great photo!",21,9,2018-02-13 10:37:57
1282,"Brilliant!",33,79,2017-12-26 20:36:36
1283,"This is so cool!",20,95,2017-05-29 14:44:47
1284,"This is so cool!",8,194,2018-02-23 12:17:21
1285,"Absolutely stunning!",48,26,2017-02-04 23:08:07
1286,"Perfect lighting!",93,246,2016-08-08 23:35:02
1287,"Goals!",15,29,2017-07-12 17:54:18
1288,"Perfect lighting!",36,54,2016-06-07 17:40:44
1289,"Perfect lighting!",86,162,2017-12-25 11:06:02
1290,"Mood!",99,63,2017-04-28 05:24:23
1291,"Perfect lighting!",2,37,2017-06-30 06:21:14
1292,"Loving the vibe!",52,30,2017-03-21 14:32:16
1293,"Brilliant!",30,243,2017-07-01 02:18:11
1294,"Iconic!",94,142,2016-07-17 13:09:46
1295,"This is so cool!",33,38,2018-03-04 02:27:00
1296,"So aesthetic!",48,45,2017-03-02 02:37:19
1297,"This made my day!",10,176,2017-08-13 09:53:21
1298,"Obsessed with this!",3,47,2017-06-20 21:34:10
1299,"Fire!",76,165,2017-12-13 18:04:57
1300,"Love this!",46,95,2017-10-02 00:01:09
1301,"Goals!",18,10,2016-11-20 15:49:23
1302,"So beautiful!",21,8,2018-02-28 23:44:22
1303,"Wow, stunning!",64,50,2018-04-09 03:16:10
1304,"So beautiful!",20,158,2016-12-24 20:48:37
1305,"Masterpiece!",32,221,2017-07-19 16:50:54
1306,"Absolutely stunning!",69,233,2016-07-08 20:37:18
1307,"Incredible!",67,243,2016-08-15 06:00:23
1308,"Perfect lighting!",63,248,2016-08-21 21:54:57
1309,"Wow, stunning!",99,95,2017-08-23 23:44:23
1310,"Fire!",50,15,2017-05-14 20:59:59
1311,"Mood!",68,244,2017-08-05 12:49:51
1312,"Obsessed with this!",31,107,2017-04-13 07:23:29
1313,"Absolutely stunning!",15,47,2017-05-03 11:14:30
1314,"Loving the vibe!",25,16,2018-04-20 21:03:08
1315,"This is so cool!",82,172,2017-01-25 04:32:23
1316,"Great photo!",6,82,2018-01-22 02:31:17
1317,"Brilliant!",46,13,2017-10-11 13:46:03
1318,"Obsessed with this!",35,145,2018-03-18 16:36:21
1319,"Amazing shot!",37,246,2016-07-22 00:02:36
1320,"Mood!",18,216,2017-09-19 14:24:17
1321,"Mood!",40,159,2018-04-13 15:50:50
1322,"I love it!",64,206,2018-01-08 16:18:17
1323,"I love it!",76,231,2016-08-31 15:17:02
1324,"Brilliant!",26,198,2017-08-11 01:13:46
1325,"Love this!",33,170,2016-06-24 14:48:27
1326,"This made my day!",32,181,2017-01-12 17:07:17
1327,"Obsessed with this!",26,20,2017-07-01 09:55:03
1328,"Masterpiece!",73,219,2016-12-08 16:54:30
1329,"Great photo!",57,41,2018-03-13 20:35:12
1330,"Wow, stunning!",84,184,2018-01-04 13:50:27
1331,"Incredible!",29,165,2016-07-21 13:30:22
1332,"Amazing shot!",76,239,2016-12-01 13:23:55
1333,"This is so cool!",45,57,2017-11-24 05:51:55
1334,"Incredible!",60,212,2017-08-11 10:54:43
1335,"This made my day!",31,41,2018-02-19 10:33:28
1336,"Masterpiece!",68,172,2017-07-08 12:41:42
1337,"So aesthetic!",37,212,2017-02-09 10:52:09
1338,"I love it!",43,135,2017-01-13 11:11:30
1339,"So beautiful!",91,132,2017-04-09 22:16:54
1340,"Obsessed with this!",16,203,2018-02-08 21:26:52
1341,"Goals!",32,125,2017-03-10 21:03:21
1342,"Perfect lighting!",58,146,2018-01-10 09:49:02
1343,"Amazing shot!",53,136,2017-11-21 23:56:04
1344,"Wow, stunning!",90,88,2017-01-16 01:44:17
1345,"Loving the vibe!",76,169,2017-08-05 04:40:17
1346,"Incredible!",78,245,2018-01-11 19:24:44
1347,"Great photo!",99,139,2017-02-11 05:44:29
1348,"Obsessed with this!",14,5,2017-08-31 04:41:59
1349,"Great photo!",8,89,2017-10-04 01:34:42
1350,"I love it!",62,168,2017-11-14 12:39:39
1351,"So aesthetic!",25,147,2017-06-15 12:15:29
1352,"Wow, stunning!",61,68,2016-07-09 08:53:58
1353,"I love it!",2,22,2017-03-12 20:37:56
1354,"Absolutely stunning!",56,156,2016-08-05 05:24:08
1355,"Obsessed with this!",93,115,2016-07-26 00:59:49
1356,"Great photo!",95,183,2016-10-18 04:10:46
1357,"This made my day!",27,237,2017-07-08 12:58:12
1358,"Incredible!",68,201,2017-05-05 21:12:09
1359,"Amazing shot!",44,242,2017-12-21 15:39:52
1360,"So beautiful!",74,112,2017-02-23 13:07:30
1361,"Incredible!",71,153,2017-02-21 11:54:54
1362,"Perfect lighting!",51,199,2016-08-26 02:38:19
1363,"Love this!",29,190,2016-12-27 10:47:59
1364,"So aesthetic!",24,98,2016-11-09 04:56:30
1365,"Incredible!",5,128,2017-04-14 16:39:27
1366,"Goals!",38,94,2017-07-22 07:34:11
1367,"Amazing shot!",84,56,2017-04-05 08:26:47
1368,"Obsessed with this!",85,231,2017-07-31 18:21:57
1369,"Mood!",95,203,2016-06-29 01:11:22
1370,"Wow, stunning!",71,161,2018-01-04 10:12:56
1371,"Wow, stunning!",49,26,2018-04-01 03:15:53
1372,"Fire!",85,250,2017-03-20 02:20:42
1373,"Incredible!",60,135,2016-07-09 10:59:56
1374,"Love this!",27,164,2016-11-06 08:18:54
1375,"Love this!",69,188,2016-11-15 05:53:51