follower_id,followee_id,created_at
67,59,2016-12-09 18:05:06
47,80,2017-03-17 04:47:54
5,83,2016-12-21 23:06:40
50,91,2016-08-30 18:47:53
81,78,2017-01-06 00:06:59
52,51,2017-08-19 02:26:56
85,48,2017-10-16 20:18:23
64,25,2018-02-16 07:35:34
10,54,2016-11-30 01:24:47
3,15,2017-08-03 09:34:41
24,74,2018-02-19 13:50:45
49,18,2018-03-09 21:15:32
88,95,2017-01-27 23:13:06
83,16,2017-05-24 17:37:49
40,54,2017-11-26 23:55:06
41,19,2016-12-02 10:55:34
33,15,2017-01-24 10:38:08
5,96,2018-04-16 17:39:37
10,31,2017-10-15 22:56:18
34,16,2017-07-07 21:46:00
66,48,2017-06-01 19:47:06
86,26,2017-10-06 10:45:20
65,3,2016-09-07 07:58:15
89,31,2016-09-24 10:27:33
14,37,2017-08-04 16:16:51
15,2,2017-04-30 09:00:26
67,49,2018-04-10 15:28:07
90,32,2016-09-27 06:24:54
21,18,2017-09-19 11:36:39
92,78,2018-04-08 04:08:01
10,8,2017-05-22 14:29:38
69,94,2016-10-10 17:36:44
10,44,2017-10-14 21:53:01
22,18,2017-07-27 08:33:03
32,68,2016-06-30 10:35:32
43,77,2017-03-02 18:28:37
82,5,2017-01-07 14:53:29
96,89,2016-08-02 20:28:16
7,11,2017-04-27 09:31:29
99,94,2018-04-23 11:33:50
6,15,2017-07-27 14:14:58
38,84,2017-08-27 15:28:51
63,28,2017-07-14 09:29:30
83,6,2016-07-26 09:46:08
50,58,2017-10-11 07:58:17
41,9,2017-05-14 23:09:56
27,74,2016-07-17 11:13:57
93,19,2017-09-02 14:55:14
91,95,2017-01-13 20:50:39
89,21,2016-11-18 19:30:56
16,37,2016-12-29 22:45:57
67,39,2016-09-21 22:19:46
4,99,2018-02-16 12:00:12
16,73,2016-10-11 22:01:33
17,38,2017-12-05 00:43:30
36,51,2016-06-22 13:48:20
40,21,2016-09-01 12:08:04
80,57,2017-05-28 20:07:48
38,97,2016-08-04 23:50:43
81,58,2016-07-21 18:53:00
73,54,2017-01-02 13:11:00
97,2,2017-12-01 07:13:29
2,30,2016-11-08 19:30:15
35,27,2017-07-11 08:20:59
14,4,2017-03-25 05:52:35
96,43,2017-06-18 12:04:10
87,74,2017-07-29 07:51:01
13,45,2017-12-19 09:03:18
17,15,2016-06-14 01:18:48
76,64,2016-06-21 19:10:16
92,45,2016-09-13 18:15:32
65,91,2017-07-13 17:39:16
80,70,2016-07-14 05:42:51
27,64,2017-03-17 10:58:33
19,60,2016-06-25 08:22:27
19,96,2018-03-09 09:00:15
20,61,2016-07-05 09:55:11
31,70,2016-10-05 13:45:26
78,2,2018-04-03 14:35:27
24,31,2016-10-13 09:49:49
64,67,2016-08-26 02:47:10
1,47,2016-08-15 18:22:07
100,26,2017-07-31 00:44:01
46,55,2016-06-16 19:43:21
77,42,2018-02-10 05:31:42
49,60,2016-09-06 21:24:55
28,37,2017-07-06 07:04:25
7,63,2018-02-11 11:21:59
6,18,2017-04-28 15:28:45
12,34,2017-11-07 00:51:11
4,30,2017-04-06 09:58:40
84,59,2017-09-13 07:22:43
41,97,2016-09-11 09:37:18
99,38,2018-04-03 20:58:43
59,2,2017-09-26 13:42:39
37,63,2017-03-26 15:38:19
16,40,2016-09-04 08:05:31
57,41,2017-07-22 20:25:30
17,5,2017-03-13 17:35:53
28,14,2017-03-19 19:24:48
88,65,2017-11-01 08:54:22
78,100,2017-06-27 00:37:36
42,34,2017-10-22 14:19:55
11,46,2017-06-17 19:54:01
84,36,2016-09-19 16:27:59
29,100,2017-01-16 21:02:23
95,45,2016-06-26 14:28:01
33,70,2017-01-24 16:16:40
13,12,2017-06-14 17:21:35
44,79,2017-12-29 03:58:00
16,17,2018-03-21 11:18:32
34,71,2017-05-07 05:14:04
53,84,2018-03-08 03:02:42
3,83,2016-09-06 20:25:16
49,50,2016-11-21 07:33:41
15,57,2017-10-15 21:36:19
80,37,2017-02-11 03:03:15
81,2,2016-10-23 14:40:47
79,78,2018-02-22 17:14:24
90,87,2017-11-18 20:37:50
94,57,2017-01-25 02:08:44
20,28,2017-10-19 09:10:33
31,37,2017-07-27 11:20:23
4,20,2017-05-12 05:29:01
23,33,2016-07-08 11:42:12
75,80,2017-12-31 21:47:56
25,79,2017-07-22 00:12:10
85,93,2017-03-02 07:37:03
56,66,2017-12-28 17:47:38
68,40,2017-12-11 18:11:51
28,4,2017-04-17 23:44:20
15,34,2017-01-28 11:43:03
59,77,2017-09-16 17:35:07
98,68,2017-11-09 20:11:59
90,64,2016-08-23 03:49:28
48,67,2017-08-10 02:49:18
8,31,2017-06-20 04:38:03
11,36,2016-06-14 05:54:05
31,14,2017-11-15 04:25:22
91,65,2016-11-18 07:11:09
29,90,2017-08-23 04:08:18
41,64,2016-07-10 15:26:38
87,31,2017-10-21 06:12:56
53,38,2018-03-04 19:05:58
72,51,2017-10-12 05:05:32
64,47,2017-12-13 15:13:27
2,72,2017-07-14 00:20:13
34,61,2017-03-31 04:16:51
66,93,2017-08-20 10:42:44
32,100,2018-04-24 09:52:14
3,73,2017-11-18 11:44:15
67,94,2018-02-20 13:31:50
98,81,2017-12-30 23:40:25
71,64,2016-11-17 05:09:08
84,3,2017-03-25 19:03:03
48,80,2016-12-27 22:21:18
60,54,2017-06-16 18:54:36
96,13,2018-02-10 09:08:50
88,9,2017-09-27 16:51:10
45,47,2017-01-02 12:01:16
65,25,2016-10-17 05:58:47
10,89,2017-11-19 17:15:11
15,24,2016-06-11 11:34:00
26,33,2017-08-01 06:31:31
18,29,2016-11-01 17:07:48
30,3,2016-08-08 00:12:14
82,50,2017-04-16 06:49:58
42,14,2016-12-22 03:25:00
92,100,2017-12-03 16:41:48
83,51,2017-05-05 03:26:54
29,80,2016-08-02 22:45:16
39,93,2017-09-23 21:38:36
44,59,2016-11-08 02:25:51
14,36,2017-05-25 23:10:06
93,100,2017-12-25 08:13:46
86,61,2017-05-20 22:53:40
32,90,2016-06-15 07:00:49
7,33,2017-03-09 10:20:49
30,16,2017-08-11 21:16:47
6,73,2017-04-10 13:22:19
12,4,2018-03-02 14:40:57
62,90,2017-02-16 20:25:46
33,63,2017-12-07 23:21:35
74,64,2018-04-07 07:22:33
85,73,2016-08-19 21:34:38
86,38,2016-11-04 03:44:57
45,37,2017-01-08 10:11:38
89,43,2016-11-30 09:34:23
55,50,2017-12-30 03:43:31
24,99,2016-10-08 19:01:01
65,100,2018-01-23 23:28:39
98,48,2017-06-28 12:01:14
83,5,2018-01-11 21:33:36
94,14,2018-02-10 10:05:38
50,93,2018-02-21 17:14:10
10,20,2017-01-01 06:07:13
8,96,2016-06-03 08:26:26
45,14,2017-01-08 03:19:31
64,27,2018-02-20 05:20:00
67,38,2016-10-25 06:00:03
51,93,2017-09-30 00:00:32
70,43,2017-04-28 02:49:55
43,89,2016-07-24 04:59:13
100,71,2017-11-06 16:00:30
9,69,2017-08-10 17:10:25
94,27,2017-05-01 11:00:56
64,4,2017-10-26 04:16:14
14,3,2017-02-02 20:23:39
85,63,2017-07-08 13:44:14
86,28,2017-06-30 17:16:30
98,2,2017-05-30 11:21:03
18,9,2017-11-17 11:32:26
70,56,2017-11-26 02:50:49
65,90,2018-02-10 07:47:16
16,85,2016-11-18 23:04:29
36,63,2017-03-12 05:12:08
47,72,2017-08-22 20:24:24
94,4,2017-08-27 17:50:37
21,20,2017-02-12 04:22:40
77,100,2017-12-24 15:51:10
81,70,2018-03-30 12:40:36
74,31,2016-11-30 00:55:15
93,44,2017-06-10 16:58:09
45,4,2018-04-18 12:35:49
23,65,2017-08-09 07:47:00
56,13,2018-02-22 20:22:53
97,14,2016-12-13 13:55:29
95,90,2017-06-19 06:31:02
55,17,2016-06-11 07:07:48
12,92,2017-08-27 13:08:35
70,33,2017-11-21 07:05:44
9,23,2016-06-06 21:20:32
6,17,2017-04-14 11:57:30
75,4,2016-09-05 13:25:48
61,69,2017-02-15 18:18:22
27,76,2016-06-14 22:05:31
19,72,2017-03-07 01:13:14
30,81,2018-03-25 10:00:38
2,19,2018-03-20 17:25:48
13,34,2017-07-13 01:35:56
4,65,2017-02-15 09:58:56
96,68,2018-03-03 02:05:00
34,93,2018-01-07 01:06:28
92,34,2017-09-26 22:07:12
71,11,2018-03-10 16:32:49
82,20,2017-10-16 06:19:36
9,36,2017-09-28 23:34:35
28,49,2017-12-11 03:46:56
61,46,2016-07-10 13:27:15
40,23,2016-06-30 22:18:56
26,88,2016-11-04 06:26:27
27,89,2016-10-13 03:00:55
73,56,2017-08-04 04:20:53
11,81,2016-07-28 16:08:34
39,63,2018-03-15 02:16:09
23,55,2017-04-18 03:32:56
47,3,2017-12-10 10:06:09
65,57,2016-12-16 23:51:05
6,7,2018-02-19 00:36:25
65,93,2017-05-07 11:31:21
57,89,2016-11-21 21:21:59
58,54,2017-06-11 18:47:57
15,92,2016-06-15 14:40:44
62,24,2017-08-01 02:14:18
80,72,2016-08-06 07:01:29
19,62,2017-10-27 05:22:14
39,40,2017-03-01 03:03:25
51,14,2016-11-24 16:08:37
8,89,2016-07-16 10:01:53
87,53,2018-02-14 07:14:01
20,63,2017-10-31 14:54:01
13,24,2016-11-25 23:07:50
53,60,2016-06-04 11:19:44
64,69,2017-03-08 20:24:33
88,54,2017-05-26 04:17:09
53,96,2017-05-16 16:58:32
61,36,2018-01-03 03:08:04
75,92,2018-01-01 16:51:27
35,19,2016-08-30 04:13:58
96,35,2016-09-01 06:38:40
87,66,2016-08-28 06:45:34
88,31,2017-04-22 21:31:23
25,91,2018-03-04 00:43:55
99,40,2016-11-21 00:22:48
37,65,2017-01-09 23:13:36
77,21,2017-06-19 16:45:38
100,41,2016-08-23 08:58:59
70,98,2017-04-12 23:23:09
82,72,2016-12-13 04:49:57
7,78,2017-04-14 01:56:30
93,1,2017-06-24 10:27:07
71,99,2016-11-30 10:09:24
51,4,2016-10-22 20:34:20
32,27,2017-04-20 15:04:21
24,23,2017-01-18 06:51:13
56,55,2017-03-07 07:15:12
100,18,2016-11-29 10:44:17
45,82,2017-02-21 16:00:19
37,78,2017-02-26 03:21:52
78,79,2017-10-15 12:55:50
57,56,2018-01-14 13:14:19
58,21,2017-05-24 23:22:05
69,30,2017-11-18 16:22:19
74,1,2018-03-09 06:12:24
6,95,2016-07-08 21:18:26
38,20,2017-06-30 05:40:08
56,68,2017-12-03 20:42:22
97,69,2017-01-02 15:47:46
2,97,2017-05-22 23:31:13
49,29,2018-04-30 10:30:39
14,71,2016-12-30 12:27:30
26,45,2017-10-29 20:05:00
58,34,2017-03-03 03:18:15
48,69,2017-11-08 07:40:19
94,36,2017-02-20 07:56:47
11,38,2017-09-22 09:29:49
91,67,2016-07-03 04:11:52
75,59,2017-11-12 23:58:08
65,14,2018-03-09 06:47:15
38,33,2017-09-30 05:05:25
49,42,2017-09-22 21:21:55
7,45,2017-04-27 13:33:15
18,54,2017-12-30 13:45:33
30,28,2018-04-06 21:25:21
71,66,2016-07-05 11:44:13
82,75,2016-09-16 22:55:06
41,43,2017-06-03 00:17:15
22,29,2016-11-10 15:20:34
96,15,2017-09-30 12:11:11
87,46,2017-05-11 23:35:19
56,58,2016-09-11 06:48:45
57,23,2017-06-02 11:09:04
14,61,2016-11-14 16:59:49
55,62,2017-12-12 06:46:40
78,82,2016-06-23 15:59:01
90,56,2018-02-22 16:37:07
94,26,2018-01-29 20:58:12
62,79,2017-08-20 14:32:21
81,92,2017-09-28 08:52:07
37,22,2017-02-14 13:35:18
3,29,2018-02-06 12:18:06
26,12,2017-10-08 14:36:19
24,88,2017-04-04 01:27:39
70,55,2017-01-26 18:27:28
36,62,2016-09-19 15:19:39
5,74,2017-08-11 09:48:25
58,86,2018-01-13 14:35:27
6,75,2018-01-29 01:02:22
44,38,2016-11-15 18:38:55
72,20,2016-11-18 10:56:37
2,41,2018-02-02 19:04:52
54,88,2016-12-21 20:40:47
14,15,2016-10-21 04:43:45
85,75,2018-04-11 12:07:46
37,35,2016-07-26 03:17:28
55,52,2017-04-13 05:09:01
91,11,2017-05-21 16:42:04
83,7,2017-07-11 06:01:11
89,22,2017-09-15 00:01:50
66,75,2018-04-06 05:22:11
88,99,2016-12-23 06:15:53
6,29,2017-04-05 11:11:48
50,72,2016-08-22 06:43:15
27,88,2017-01-28 07:24:09
64,6,2017-08-22 03:16:58
56,2,2017-02-06 05:36:43
14,5,2017-12-21 13:37:34
67,17,2016-06-06 17:22:46
4,77,2016-11-11 12:33:02
89,35,2016-09-11 17:08:28
35,64,2017-12-16 14:20:48
15,6,2017-01-04 17:11:46
13,82,2018-04-16 13:42:01
100,50,2017-09-18 08:50:16
17,52,2016-09-07 14:06:40
49,84,2016-10-10 11:35:27
29,26,2016-10-15 14:33:33
52,9,2017-05-01 10:18:38
54,55,2018-04-22 15:27:32
24,32,2018-02-02 14:20:22
3,9,2017-11-29 02:36:32
35,41,2017-05-22 17:46:43
95,92,2018-04-17 21:21:04
1,48,2016-06-28 08:04:17
47,15,2018-02-14 06:29:11
67,30,2017-01-27 13:26:22
53,95,2017-06-06 12:22:24
45,91,2017-10-27 00:03:28
17,29,2018-02-16 21:48:54
36,42,2017-07-13 02:48:47
1,84,2018-03-24 08:22:36
80,84,2016-10-20 18:12:09
81,49,2016-12-10 01:36:39
54,32,2017-01-03 10:59:35
20,39,2017-08-20 03:22:50
39,52,2017-05-14 13:59:00
83,95,2018-04-01 06:32:56
54,68,2017-08-10 05:29:18
13,36,2017-03-19 11:19:35
72,85,2017-07-02 17:30:00
78,16,2016-07-06 09:30:12
36,19,2017-08-06 06:32:09
55,32,2016-11-15 14:29:54
5,31,2018-04-30 18:50:09
92,36,2016-09-17 16:55:38
17,42,2016-08-24 12:36:28
50,39,2016-09-12 23:52:46
40,25,2017-07-20 00:26:42
7,77,2016-11-12 11:36:55
60,3,2016-10-10 20:55:24
10,2,2017-11-02 13:58:50
4,44,2017-09-09 00:25:18
23,57,2017-10-11 23:48:17
89,2,2018-04-18 14:37:32
35,31,2017-08-07 01:59:04
4,80,2017-04-07 15:28:23
45,81,2017-02-20 23:05:15
57,55,2016-09-27 21:58:39
9,15,2017-09-05 18:16:46
14,93,2017-06-17 17:14:28
48,6,2017-05-10 19:28:46
40,2,2017-06-09 04:03:57
100,53,2016-12-01 15:26:23
7,90,2017-11-27 13:57:42
19,64,2018-04-22 02:54:46
12,25,2016-11-01 00:15:11
30,73,2017-05-12 21:29:12
31,38,2017-02-20 07:11:41
91,89,2017-11-10 22:22:26
87,55,2017-09-09 15:50:01
24,35,2016-07-20 16:55:17
56,67,2017-03-16 01:27:02
22,74,2016-10-03 17:49:35
88,56,2017-09-15 13:21:57
34,85,2016-07-22 21:49:15
5,21,2017-06-14 09:11:12
77,46,2017-08-10 12:17:11
21,2,2018-04-23 10:46:56
27,45,2016-06-25 19:45:39
18,76,2017-03-01 06:30:26
83,62,2017-03-28 12:59:37
62,39,2017-08-02 00:38:16
11,73,2017-09-01 11:49:10
25,93,2017-04-01 23:09:19
22,87,2016-07-07 21:41:29
61,15,2016-09-23 13:00:24
67,95,2016-07-08 19:20:34
18,53,2017-07-11 09:03:08
58,46,2016-11-27 03:03:36
91,43,2017-11-30 03:26:35
82,74,2016-10-08 05:15:58
54,12,2018-03-11 17:57:57
34,39,2017-08-16 10:00:04
13,16,2017-05-20 16:40:35
44,83,2018-02-23 08:53:14
72,65,2017-11-19 20:43:08
24,25,2017-09-13 01:28:46
68,31,2016-08-18 11:53:26
14,60,2017-06-17 01:23:38
78,81,2016-10-29 22:11:09
77,36,2018-03-16 03:40:54
90,55,2017-06-27 18:39:51
69,32,2016-08-20 12:17:52
14,96,2018-03-15 10:59:41
61,28,2017-08-07 14:35:25
90,91,2016-06-23 06:41:48
83,52,2017-02-19 23:46:16
20,32,2016-08-21 15:46:51
22,41,2016-09-28 06:58:39
53,65,2018-01-06 09:30:06
57,35,2017-04-07 22:24:45
2,99,2017-11-09 19:37:48
3,64,2017-02-05 01:46:40
22,77,2017-06-19 20:52:28
55,74,2017-09-28 07:50:07
7,34,2017-08-22 10:00:16
27,12,2016-12-08 10:04:47
8,35,2017-10-27 01:39:55
39,22,2018-02-10 14:30:54
52,41,2016-12-03 10:22:24
29,94,2017-03-07 00:11:02
75,61,2017-07-22 07:32:29
65,16,2016-06-20 15:05:06
56,47,2018-04-04 04:43:28
49,8,2017-03-09 09:43:23
26,24,2017-09-17 21:48:42
86,75,2018-03-13 11:35:01
13,91,2016-09-08 08:03:29
46,39,2017-01-17 00:39:28
79,36,2017-04-29 08:02:54
58,13,2016-08-05 22:15:35
36,74,2017-03-22 22:11:04
61,18,2017-09-15 21:24:19
27,25,2017-08-05 23:06:40
100,95,2018-01-31 11:58:10
11,17,2017-12-07 14:09:52
25,37,2017-10-01 20:18:13
10,57,2016-06-13 12:29:11
56,24,2017-05-15 11:38:16
25,73,2017-05-21 16:10:46
78,48,2016-11-03 16:49:08
68,34,2017-10-24 07:40:08
7,24,2017-11-28 06:11:23
80,8,2018-04-21 14:12:06
59,71,2017-02-17 14:40:13
79,49,2016-07-04 20:48:03
90,58,2016-08-20 22:59:16
47,96,2017-10-12 20:26:14
48,61,2017-05-20 03:01:31
10,34,2016-12-30 19:16:54
56,1,2017-06-14 11:04:10
84,20,2017-03-26 11:28:51
74,55,2017-09-06 17:01:00
93,68,2016-07-01 05:40:34
10,70,2018-03-02 21:17:48
57,2,2016-11-18 22:43:43
66,87,2017-05-27 20:34:01
79,26,2017-08-16 15:07:26
55,77,2016-06-24 10:20:09
28,60,2017-12-22 17:52:04
100,85,2017-01-27 13:39:49
6,41,2017-12-03 04:47:41
83,32,2017-06-23 22:06:16
81,71,2016-10-05 03:31:51
6,77,2017-07-11 07:56:53
10,47,2017-01-03 04:01:40
56,14,2018-01-06 10:32:05
14,17,2016-11-30 05:47:35
85,77,2017-07-16 20:01:38
38,2,2017-07-24 12:49:00
97,51,2017-01-09 15:13:31
47,50,2018-02-04 10:09:13
46,91,2017-04-24 13:13:22
79,39,2018-03-08 03:50:46
29,38,2018-04-12 23:03:04
75,5,2018-03-14 11:34:11
80,83,2017-10-28 19:30:05
41,12,2017-11-28 14:16:42
50,97,2017-01-17 14:42:28
66,41,2017-10-20 16:53:26
2,56,2017-03-21 16:21:51
59,38,2016-11-08 06:28:01
78,51,2017-07-15 10:30:02
71,12,2016-06-04 19:23:37
36,54,2017-05-09 16:53:40
100,75,2018-04-03 06:16:19
5,66,2018-05-01 03:34:47
10,1,2017-06-28 21:07:22
29,51,2018-03-31 15:13:21
75,18,2017-08-03 14:56:18
41,25,2016-12-11 23:10:16
73,57,2016-06-30 22:31:57
85,31,2017-01-16 05:02:42
64,8,2018-02-15 22:34:14
56,4,2017-10-29 02:55:52
59,15,2018-02-04 20:46:27
32,61,2017-07-24 00:49:52
90,2,2017-04-29 22:12:09
88,78,2017-02-11 06:03:38
40,1,2018-01-04 22:46:24
100,52,2017-09-27 03:18:43
9,50,2017-06-15 00:49:37
41,2,2018-02-06 23:48:56
27,67,2017-07-04 20:05:59
52,11,2017-11-06 07:01:41
30,72,2016-11-13 16:40:00
94,93,2017-06-13 08:42:47
73,70,2016-11-27 17:11:28
19,99,2016-12-22 11:45:00
39,77,2016-10-14 10:40:01
97,18,2016-08-06 01:07:28
84,85,2016-12-29 21:01:47
95,94,2017-09-16 16:43:07
55,21,2017-02-06 21:57:49
88,55,2017-08-29 08:48:24
34,84,2016-11-29 16:47:57
90,15,2017-10-26 23:21:06
29,5,2016-09-22 21:59:28
92,61,2017-05-06 05:47:55
49,99,2017-02-06 16:49:43
50,64,2016-08-11 00:15:02
62,38,2016-07-04 14:47:40
54,34,2017-11-15 17:07:11
11,72,2017-06-30 02:33:42
2,23,2017-08-02 09:28:02
84,62,2017-12-03 04:24:17
13,38,2018-02-12 23:33:35
4,69,2017-11-29 00:51:49
84,98,2017-08-24 17:30:20
1,63,2016-08-01 10:39:59
47,30,2017-07-13 01:27:10
92,38,2017-06-08 14:32:34
62,15,2017-11-06 22:54:39
80,63,2018-03-28 16:01:17
19,53,2017-08-13 04:31:00
31,27,2016-09-15 05:18:54
51,5,2017-02-24 21:06:37
85,34,2016-09-23 06:09:05
23,59,2017-06-11 15:01:58
97,8,2018-04-04 12:22:22
35,33,2016-10-24 08:50:59
34,74,2017-10-08 07:38:56
53,87,2017-02-26 03:32:10
46,48,2017-05-04 23:22:32
92,15,2016-08-15 16:41:02
58,22,2017-10-17 08:54:37
49,53,2017-02-22 12:28:04
81,5,2017-03-30 16:11:24
26,69,2017-05-05 16:23:51
46,84,2017-02-20 20:41:19
38,80,2017-03-09 21:38:32
30,39,2016-07-07 05:05:52
50,54,2016-10-30 18:59:50
42,50,2017-03-23 00:56:40
4,23,2017-01-13 13:30:08
24,1,2017-12-30 13:12:22
94,96,2017-03-26 11:09:54
24,37,2016-11-10 20:40:01
56,69,2018-03-12 11:05:43
2,98,2017-09-30 16:00:53
36,11,2018-04-21 10:44:10
68,43,2016-11-06 04:40:49
34,87,2016-10-29 22:06:59
98,71,2017-03-27 13:59:21
18,78,2017-02-19 23:11:01
20,8,2017-01-20 01:01:10
11,39,2017-01-03 21:14:05
91,68,2017-04-07 05:24:06
84,29,2018-01-20 00:26:21
66,11,2017-02-21 13:15:31
13,5,2017-11-03 18:49:00
56,46,2017-07-21 17:21:57
74,100,2018-02-24 06:12:15
25,95,2017-05-19 23:26:30
99,44,2016-11-07 21:22:37
57,47,2017-10-27 11:26:35
6,1,2017-11-18 13:37:48
79,71,2017-06-23 17:40:02
98,84,2018-03-26 06:09:27
30,29,2017-11-20 17:33:03
17,96,2016-11-27 17:37:18
90,80,2017-06-24 00:31:05
85,1,2018-04-16 02:21:27
31,30,2017-05-17 08:11:08
72,31,2017-04-13 07:30:57
43,4,2017-01-16 05:27:52
95,51,2017-03-12 22:09:35
41,80,2016-10-01 23:39:56
33,76,2016-12-19 12:58:47
53,54,2017-10-24 16:43:24
57,24,2018-01-05 23:15:07
2,88,2016-06-13 19:04:57
3,53,2017-01-20 07:22:26
22,66,2017-06-08 01:11:44
100,22,2017-07-14 22:48:23
92,18,2016-09-10 11:59:50
78,83,2017-11-02 02:26:47
90,57,2017-03-05 20:08:40
42,17,2017-11-30 19:34:41
47,95,2016-08-21 02:02:16
27,37,2017-09-01 20:37:58
18,68,2017-11-18 09:01:42
84,19,2017-02-06 09:19:23
60,70,2016-12-05 23:41:42
10,69,2017-02-06 08:18:48
96,29,2017-09-11 06:27:36
1,20,2016-07-12 22:10:40
37,59,2017-02-28 20:05:48
68,46,2017-03-12 03:19:34
80,20,2016-12-12 02:19:05
7,36,2016-10-14 19:01:32
59,83,2017-04-07 02:12:57
19,10,2016-12-30 08:17:10
18,45,2017-02-05 21:19:25
11,6,2018-01-17 17:22:38
70,92,2017-09-19 03:34:40
90,70,2017-12-02 01:51:35
91,35,2017-04-23 23:04:47
36,99,2016-08-14 07:09:05
6,76,2017-10-03 04:14:17
12,7,2017-08-27 03:02:09
52,43,2017-10-01 07:11:13
64,17,2016-09-11 19:44:49
84,32,2018-01-25 07:49:39
87,37,2018-02-03 17:44:22
93,80,2017-04-04 20:43:43
99,11,2016-06-10 21:10:46
68,23,2017-08-15 04:03:37
79,38,2017-08-28 23:23:50
50,11,2016-12-17 21:26:33
36,76,2018-03-13 22:22:12
11,19,2017-09-11 00:01:04
29,73,2017-02-13 14:49:28
73,79,2018-02-06 09:51:26
64,30,2017-10-18 22:58:43
56,26,2016-11-28 11:57:55
76,4,2017-11-02 17:35:44
85,89,2017-11-09 10:19:52
35,88,2018-03-23 10:54:34
18,35,2017-02-26 19:22:35
59,73,2017-02-10 12:25:14
28,85,2017-03-09 20:26:06
29,50,2017-10-29 11:14:35
21,46,2018-03-03 16:01:17
60,37,2016-09-23 06:37:58
2,32,2017-10-13 00:14:14
81,96,2017-04-23 18:33:07
34,21,2017-09-25 18:03:03
20,86,2016-11-15 06:30:35
23,91,2016-08-07 15:43:45
14,42,2018-04-21 11:05:29
15,7,2016-09-05 16:08:10
55,43,2017-05-17 23:13:28
8,4,2017-12-04 06:39:01
60,14,2016-12-16 03:57:29
52,10,2017-01-24 07:45:46
37,3,2017-04-11 18:16:09
85,79,2017-04-09 11:39:05
90,14,2017-11-26 17:10:49
96,94,2016-09-14 10:55:29
9,62,2018-02-15 07:39:23
52,23,2018-01-06 05:37:43
50,99,2017-04-28 05:41:38
81,86,2016-12-14 14:25:35
86,21,2016-11-23 05:45:01
24,46,2018-02-15 05:43:15
43,59,2017-04-30 18:48:14
3,23,2017-09-29 23:47:34
89,26,2018-01-31 15:10:45
99,76,2017-03-03 08:19:39
17,43,2017-02-25 17:11:03
82,23,2017-04-07 13:30:00
28,52,2016-10-27 11:08:58
80,62,2017-05-08 12:53:10
58,80,2017-04-19 16:22:24
61,85,2017-04-12 15:29:04
8,79,2017-12-29 14:19:42
33,23,2017-08-02 00:12:23
25,19,2017-07-19 02:00:49
85,33,2017-07-24 12:52:28
56,6,2018-03-24 05:05:40
14,9,2017-09-11 09:59:00
67,21,2016-06-20 07:21:44
86,34,2016-12-31 09:19:05
78,30,2017-03-29 13:35:52
23,94,2016-06-25 11:43:04
24,59,2017-08-12 13:55:22
70,26,2017-04-30 20:19:07
17,20,2017-12-26 07:15:42
48,7,2017-01-07 22:29:04
5,45,2017-10-29 16:01:25
6,10,2017-03-08 03:53:23
17,56,2016-08-16 08:51:08
57,92,2016-11-12 11:51:01
77,70,2017-10-05 21:35:17
49,88,2017-09-25 01:40:29
61,62,2018-04-07 14:12:06
81,40,2017-10-12 09:05:47
6,46,2017-03-14 22:05:22
52,13,2018-01-22 13:39:14
94,95,2016-07-31 03:41:35
13,27,2016-07-28 23:17:17
23,71,2017-05-17 10:03:01
47,19,2017-12-03 13:27:04
88,57,2017-08-23 10:20:55
13,63,2016-09-22 17:10:45
46,60,2016-10-16 02:41:37
37,91,2017-04-29 15:03:54
16,68,2016-11-03 05:28:35
3,98,2018-01-25 10:52:51
68,78,2018-01-09 07:16:53
29,7,2017-12-28 03:12:15
46,96,2017-08-23 08:55:42
50,66,2017-05-02 20:51:09
61,75,2017-12-12 09:29:32
54,36,2017-12-23 19:20:02
25,9,2017-03-26 00:47:44
66,10,2016-10-22 02:28:33
11,74,2017-04-18 13:09:07
1,29,2017-08-31 07:49:15
33,98,2016-12-06 11:41:49
78,20,2017-09-23 08:17:22
24,49,2017-09-15 13:11:14
16,45,2017-05-08 07:14:41
77,24,2018-04-25 09:25:51
22,88,2017-02-17 21:58:37
34,99,2016-06-24 05:06:25
5,35,2016-10-01 23:22:59
54,49,2017-07-26 15:33:31
95,50,2017-07-11 17:42:27
86,1,2016-07-20 19:14:18
4,48,2016-08-01 18:39:03
76,36,2017-06-18 00:35:23
87,82,2018-01-01 15:55:05
77,37,2016-07-03 18:21:28
90,92,2017-05-01 19:37:02
51,20,2017-10-17 10:17:27
35,12,2018-01-10 12:09:05
44,97,2018-03-12 02:26:36
4,61,2016-08-17 20:34:55
65,40,2016-09-03 20:19:36
76,49,2016-09-24 19:21:39
86,99,2016-11-10 18:41:45
38,59,2016-08-29 20:53:45
36,98,2017-09-23 22:12:38
61,42,2018-03-28 06:57:00
62,7,2016-08-14 15:41:25
27,49,2017-03-11 16:57:22
71,92,2017-09-06 05:32:29
91,70,2018-03-29 12:01:50
95,40,2016-08-14 06:36:52
52,78,2018-03-26 20:56:35
44,74,2017-05-14 16:31:52
56,48,2017-11-23 15:44:35
35,25,2016-06-22 14:37:00
55,3,2018-01-10 10:41:50
66,98,2016-06-07 22:42:28
5,2,2017-07-05 00:41:13
97,85,2016-06-09 08:12:01
7,48,2017-04-27 15:33:07
26,61,2016-11-02 09:25:28
90,82,2017-01-15 21:16:35
82,78,2018-04-22 11:53:30
75,39,2017-11-28 16:39:58
96,18,2018-04-01 07:17:37
41,82,2018-01-10 12:54:44
45,52,2018-01-12 05:33:22
46,17,2016-12-11 05:23:55
64,65,2016-12-29 11:13:53
49,22,2016-12-03 03:40:24
14,64,2016-06-27 19:25:16
15,29,2018-02-07 01:26:11
27,3,2016-10-09 19:39:48
38,49,2017-05-23 02:31:18
78,85,2017-05-02 11:28:51
97,98,2017-01-22 23:57:47
30,8,2016-12-31 07:20:37
36,88,2017-04-07 05:56:42
81,10,2017-08-09 09:52:10
73,6,2017-01-25 07:54:33
29,85,2017-05-30 00:59:37
81,95,2016-10-19 16:00:24
87,26,2016-10-05 13:39:26
76,16,2016-06-27 16:09:49
26,15,2016-12-31 13:51:01
97,75,2016-07-21 16:16:04
98,40,2017-08-24 14:32:01
70,58,2016-12-21 07:29:12
19,12,2017-06-25 21:29:20
11,8,2016-10-06 03:22:50
28,97,2016-11-27 18:26:54
4,5,2018-01-14 18:48:18
44,41,2016-10-03 05:55:49
20,98,2017-01-01 04:22:55
99,13,2017-10-14 22:01:18
17,65,2017-06-02 11:32:14
91,14,2017-07-31 06:57:12
8,16,2017-01-02 03:18:20
73,81,2017-11-02 13:06:07
34,10,2017-10-03 09:17:40
93,59,2017-11-03 04:04:39
72,36,2017-09-11 00:35:16
44,54,2016-06-08 13:50:11
37,15,2017-08-05 14:34:29
32,85,2016-09-11 12:54:48
98,30,2017-06-05 11:17:09
35,90,2016-08-06 15:48:24
36,55,2018-03-30 10:56:52
7,28,2017-01-21 03:04:29
100,76,2018-03-29 23:25:55
19,2,2017-07-05 17:09:42
79,53,2016-06-17 10:00:07
82,58,2018-03-25 11:46:11
62,85,2016-07-17 05:07:26
22,12,2017-02-10 06:27:26
25,54,2017-12-31 00:20:15
66,55,2016-10-10 18:52:56
85,68,2016-11-07 05:06:18
14,44,2017-09-25 01:25:10
15,9,2016-08-02 21:42:25
26,18,2017-01-01 10:40:15
71,26,2017-06-16 22:29:04
90,39,2017-07-30 05:44:01
63,22,2017-08-04 06:16:39
50,88,2016-11-26 18:52:53
19,100,2016-11-03 06:36:44
86,10,2017-06-09 03:58:58
31,74,2016-11-14 01:05:29
97,19,2017-10-23 07:25:48
66,68,2017-04-10 14:41:47
32,75,2018-03-03 13:35:13
70,38,2017-02-27 22:38:35
16,67,2017-04-25 01:02:12
17,32,2016-06-27 12:04:21
76,81,2016-06-30 17:07:49
36,45,2016-07-06 05:15:19
28,41,2017-07-23 01:41:34
88,92,2017-12-05 13:43:38
69,78,2018-02-03 19:07:19
41,16,2016-11-21 05:45:31
52,25,2016-09-11 00:32:38
30,86,2017-05-24 08:06:29
93,62,2016-09-03 15:17:14
13,39,2016-08-07 04:05:33
59,6,2017-10-01 16:54:34
51,65,2017-07-31 19:32:29
84,99,2017-08-25 04:53:36
16,44,2018-02-08 23:11:13
88,69,2016-06-01 11:20:19
46,72,2017-10-01 17:05:36
71,16,2017-02-19 04:40:03
9,41,2017-04-27 23:53:52
15,84,2017-12-05 13:18:37
5,70,2018-02-19 03:30:35
24,61,2017-10-03 17:56:32
55,48,2018-01-06 07:08:47
68,67,2016-10-07 07:59:05
40,5,2017-11-10 04:43:34
57,94,2016-10-25 08:12:43
49,90,2018-04-07 02:59:32
50,55,2016-09-06 14:42:11
62,29,2017-03-17 22:23:31
41,6,2016-09-16 09:05:39
27,71,2017-01-18 09:07:35
43,15,2016-12-07 10:57:46
12,64,2017-05-03 16:49:34
86,13,2018-04-16 21:30:35
72,78,2017-11-15 18:49:11
51,55,2018-01-13 09:42:40
97,22,2016-10-13 11:56:24
35,47,2017-08-07 13:38:41
55,25,2018-04-09 05:17:14
1,54,2018-01-15 01:14:45
88,59,2017-06-30 23:00:21
46,62,2016-07-20 07:12:18
5,24,2016-12-04 00:31:17
17,35,2016-10-25 23:06:22
77,49,2016-07-05 08:39:32
16,11,2016-11-13 14:26:44
95,75,2017-04-27 00:25:35
67,13,2018-01-07 17:30:16
100,10,2017-10-09 12:31:15
64,87,2016-12-10 22:53:26
16,47,2018-01-13 14:46:10
77,26,2017-09-06 07:49:19
67,98,2017-09-08 22:37:16
100,46,2017-02-25 19:52:29
57,84,2017-08-25 04:17:22
7,83,2017-03-14 23:51:52
93,6,2017-11-09 12:16:57
12,18,2017-05-12 06:47:01
51,9,2017-02-17 12:24:53
52,90,2017-10-13 19:59:05
10,93,2017-09-11 03:30:48
36,2,2018-04-16 12:27:55
34,78,2017-11-14 09:34:14
53,91,2016-08-04 13:18:16
89,93,2017-08-11 23:23:06
42,18,2016-06-27 19:46:53
80,44,2016-10-08 03:26:37
81,9,2017-01-19 16:39:16
26,73,2016-09-22 04:22:45
73,5,2017-12-16 10:45:59
90,94,2016-10-08 12:39:23
91,59,2017-04-11 16:28:38
83,55,2017-08-21 20:08:41
29,84,2016-08-24 18:22:35
54,28,2016-12-04 14:28:28
12,31,2017-11-06 07:05:43
72,45,2016-10-24 08:04:39
83,91,2016-06-18 07:14:01
43,18,2017-05-29 19:08:08
1,21,2018-02-06 05:31:32
85,100,2017-12-29 19:19:01
46,29,2017-11-20 01:42:39
38,25,2017-11-28 13:12:14
17,2,2017-12-05 08:23:22
3,67,2017-11-26 06:04:16
78,97,2017-06-19 05:46:47
28,96,2016-09-11 06:01:50
7,73,2018-03-13 23:05:40
27,51,2018-02-24 08:14:16
39,25,2016-11-03 19:41:26
83,68,2018-02-15 15:26:16
52,80,2016-12-25 10:08:13
25,63,2016-07-21 14:35:43
44,76,2017-03-31 14:11:28
65,19,2017-11-17 15:20:15
10,83,2017-10-01 17:02:22
16,14,2017-04-26 04:57:21
22,57,2017-04-04 00:00:46
88,39,2016-08-16 09:09:02
47,1,2017-12-22 11:20:42
100,13,2016-12-31 22:19:22
57,51,2018-01-30 02:25:57
50,12,2016-07-31 14:56:28
69,25,2016-10-22 05:14:07
42,8,2017-10-06 05:50:04
48,87,2017-02-04 14:14:40
21,70,2016-11-11 23:31:23
94,54,2017-08-04 14:14:09
41,48,2018-01-27 07:02:25
41,84,2017-02-10 12:45:28
86,55,2016-08-12 08:14:22
14,66,2017-03-10 05:06:47
15,31,2017-07-17 04:29:43
89,96,2018-01-21 05:31:42
36,90,2016-12-28 16:08:34
42,21,2016-10-24 10:01:46
19,37,2017-05-02 00:23:31
39,15,2018-03-15 04:16:13
71,84,2017-11-16 11:19:44
63,80,2017-11-19 03:44:09
81,97,2018-03-06 21:47:19
64,44,2017-09-26 08:27:12
10,73,2018-04-08 15:57:25
15,8,2017-04-02 04:32:46
24,93,2017-12-07 22:12:38
49,37,2017-09-09 05:35:42
50,2,2016-08-12 12:25:44
69,15,2017-03-06 01:29:30
27,18,2017-06-26 09:18:02
11,10,2016-09-24 22:49:28
17,90,2017-09-21 15:30:24
63,57,2018-01-21 06:07:59
22,24,2017-10-12 10:35:55
54,93,2017-01-17 19:02:09
88,6,2016-09-14 03:13:29
20,100,2018-02-08 21:48:38
46,9,2017-06-07 08:47:06
65,22,2018-04-12 18:00:19
32,74,2017-08-17 15:21:09
67,68,2016-07-29 23:13:51
59,64,2016-09-16 10:12:06
70,73,2017-03-10 09:09:46
91,16,2018-03-18 18:29:21
42,11,2017-05-03 15:16:43
28,76,2018-04-14 09:08:51
8,18,2017-06-01 03:01:31
94,21,2016-06-14 03:40:55
21,37,2017-10-11 08:50:16
41,15,2018-01-21 18:01:17
72,2,2017-01-13 21:31:14
21,73,2017-08-19 09:40:32
81,87,2016-09-15 17:45:45
33,47,2017-12-27 22:05:13
74,48,2018-01-01 13:40:59
39,90,2018-02-12 18:53:42
85,57,2018-04-15 13:55:46
64,34,2016-07-14 21:54:21
10,63,2016-09-19 21:29:37
51,64,2018-03-21 03:35:20
56,30,2018-01-11 03:27:20
3,24,2016-09-29 08:41:15
22,37,2017-06-05 21:07:17
66,80,2018-04-20 21:59:02
59,41,2017-08-06 14:20:08
32,87,2016-07-11 12:38:41
79,19,2018-03-25 16:01:43
24,83,2017-09-15 20:52:29
16,79,2017-11-18 01:21:25
28,53,2017-07-14 22:52:08
7,30,2017-08-17 00:56:00
48,31,2017-01-08 20:38:28
19,4,2016-12-03 00:52:44
60,5,2018-03-08 11:58:37
5,69,2016-09-10 10:38:29
30,13,2017-07-28 01:01:59
17,80,2017-09-11 09:13:48
6,70,2017-06-03 12:31:35
14,10,2017-05-27 09:03:17
3,37,2017-03-11 16:14:19
16,56,2016-07-19 11:48:54
49,4,2017-09-13 23:06:45
36,34,2017-02-25 05:50:49
47,43,2017-01-01 20:20:00
18,16,2017-12-13 23:36:12
24,96,2017-04-26 14:36:41
17,57,2017-05-23 06:15:51
82,37,2017-10-25 03:14:08
41,5,2017-05-08 12:48:31
6,47,2018-02-22 19:35:47
50,90,2017-01-20 11:31:28
10,17,2017-04-10 03:41:17
42,86,2016-09-01 23:16:54
81,77,2017-07-21 11:23:35
74,38,2018-02-27 18:06:08
11,98,2018-03-17 06:46:44
32,41,2017-06-27 07:21:36
51,54,2017-02-27 17:40:27
22,27,2017-05-26 12:16:11
99,67,2017-08-23 13:09:37
65,74,2016-11-11 06:08:11
89,53,2017-04-27 00:34:47
1,89,2016-09-23 06:54:36
47,56,2018-01-17 11:18:21
46,97,2017-11-01 23:23:08
21,40,2017-12-26 10:47:04
8,70,2017-12-26 19:35:50
74,51,2016-11-30 14:29:22
12,76,2018-02-24 02:45:52
4,72,2016-12-21 03:23:57
55,37,2016-09-01 21:46:17
28,20,2018-04-11 14:43:56
5,36,2017-02-25 05:18:25
71,18,2017-05-15 19:23:58
57,83,2017-05-29 14:26:43
61,53,2016-10-15 14:01:34
94,1,2016-09-15 10:42:03
42,76,2018-02-19 20:45:25
27,96,2016-08-24 11:47:25
73,63,2017-01-17 16:06:44
11,88,2016-07-12 08:57:11
88,84,2017-12-14 05:38:37
47,46,2018-04-15 09:58:05
92,54,2016-06-27 18:00:14
6,14,2017-01-16 07:58:21
50,57,2017-02-07 08:13:20
39,47,2017-08-25 23:35:20
32,8,2017-01-08 05:17:34
75,86,2016-06-13 10:48:21
54,63,2017-02-05 00:45:22
95,64,2018-02-17 17:35:43
86,15,2017-08-24 15:05:32
76,50,2017-12-22 20:04:10
38,60,2018-01-03 06:59:57
29,11,2017-07-28 06:46:26
62,8,2017-11-14 21:08:59
19,46,2017-07-15 22:50:15
91,71,2018-01-11 14:05:38
19,82,2017-02-23 13:15:06
75,99,2017-02-25 15:42:13
95,77,2017-06-15 13:16:17
96,42,2017-01-27 11:39:23
88,38,2017-12-06 13:00:02
34,67,2016-08-18 04:53:48
53,80,2017-04-26 08:59:21
67,100,2017-12-04 21:04:45
6,4,2016-10-10 03:31:04
49,82,2017-11-02 17:19:15
69,60,2017-12-01 11:24:49
7,85,2016-09-16 21:59:39
48,86,2017-01-20 12:40:57
18,94,2018-03-23 20:10:23
30,68,2017-01-16 16:56:26
43,7,2017-03-03 20:54:29
94,89,2016-07-25 16:45:24
76,40,2018-02-24 15:56:32
5,16,2017-10-23 21:31:11
92,21,2017-08-21 02:21:14
65,67,2016-11-23 00:48:18
15,66,2017-12-26 16:19:41
19,36,2017-12-25 23:40:33
20,1,2016-07-29 12:39:21
11,32,2017-10-02 05:23:02
94,66,2016-08-05 12:54:13
40,95,2016-08-06 10:03:07
24,7,2018-01-05 09:10:31
16,3,2016-06-29 21:45:46
35,16,2017-10-16 15:41:09
64,79,2016-10-15 14:25:36
56,75,2017-01-07 16:27:39
97,76,2017-04-14 19:36:08
3,69,2018-04-22 11:05:32
14,78,2017-05-05 08:28:02
7,39,2018-01-05 18:29:38
67,90,2017-07-22 05:15:04
94,43,2017-12-05 21:22:02
19,49,2017-04-19 00:14:48
20,14,2018-02-15 01:55:43
60,50,2017-06-02 21:23:17
12,10,2016-10-01 02:35:07
23,19,2018-02-19 02:18:59
75,66,2017-11-25 15:03:45
95,44,2016-11-13 07:05:09
60,86,2017-02-10 21:54:03
53,47,2016-12-01 06:35:55
44,78,2016-07-01 23:38:39
45,43,2017-10-20 04:21:03
92,11,2017-05-06 03:14:39
79,41,2016-09-05 14:41:34
36,79,2018-01-09 14:06:23
95,21,2017-07-23 13:52:56
44,55,2017-09-29 05:02:34
4,19,2017-05-18 06:39:44
10,62,2016-09-07 11:19:49
56,29,2017-05-30 06:27:33
74,83,2017-08-15 09:10:31
25,78,2017-10-25 03:18:12
45,56,2016-12-06 09:29:04
37,52,2017-07-17 07:18:13
38,17,2017-01-19 12:47:12
51,99,2018-03-25 23:02:49
97,66,2016-08-23 12:22:07
3,59,2017-09-06 03:25:24
20,4,2017-11-19 09:23:06
6,69,2016-06-21 22:04:10
64,10,2016-08-02 20:17:03
84,25,2016-07-31 13:35:09
62,86,2016-09-06 06:08:07
81,99,2016-06-02 19:15:52
34,24,2016-06-13 00:10:10
93,73,2017-05-01 14:00:30
51,76,2017-04-10 01:00:24
76,20,2018-01-03 20:30:41
66,92,2017-06-19 02:31:34
13,86,2016-11-24 06:51:44
32,99,2018-03-14 22:36:18
71,27,2017-10-24 06:37:07
61,13,2017-12-01 07:57:02
94,10,2017-05-20 03:31:49
61,98,2018-05-01 05:37:53
60,53,2018-02-05 13:37:22
6,82,2018-01-09 06:26:30
44,45,2017-08-26 06:27:44
2,48,2017-11-02 05:25:10
34,37,2017-08-30 01:06:16
46,11,2018-02-28 01:24:42
38,7,2017-12-03 04:22:45
97,56,2017-04-16 10:36:38
3,49,2016-09-19 12:42:31
96,97,2018-05-01 06:34:07
17,69,2018-01-26 18:52:39
83,14,2016-11-19 03:37:50
94,23,2017-10-23 07:01:57
62,76,2018-02-08 05:39:09
73,85,2018-02-18 12:17:03
74,50,2017-09-09 23:58:29
93,63,2017-12-14 14:09:26
39,92,2017-09-02 04:14:14
43,62,2018-04-16 20:11:14
68,6,2016-08-07 12:19:07
24,85,2017-02-08 13:18:52
43,98,2016-10-23 08:43:05
16,81,2017-10-16 06:51:26
36,59,2017-07-19 01:30:51
73,62,2017-06-02 02:08:03
64,13,2017-10-05 21:31:21
22,16,2016-09-10 18:55:36
14,12,2016-09-02 23:50:26
66,59,2017-04-25 19:11:59
82,3,2017-12-29 20:56:17
17,59,2017-11-27 18:59:36
28,68,2017-07-09 19:53:35
48,46,2018-03-21 07:18:56
61,65,2017-03-17 11:39:44
33,3,2016-10-17 16:18:27
8,95,2016-12-20 10:39:58
54,62,2018-03-04 15:31:18
25,35,2017-07-19 15:50:34
86,14,2017-06-22 02:59:58
37,9,2017-10-16 00:52:03
32,43,2017-10-17 03:47:53
24,39,2017-04-26 20:26:04
96,64,2017-10-09 22:11:49
88,60,2017-07-04 11:08:14
79,11,2017-10-23 10:27:23
28,45,2016-07-27 19:12:27
47,58,2016-07-13 06:50:51
21,42,2016-08-31 11:10:54
33,16,2018-01-23 20:47:58
25,12,2017-12-08 06:18:42
23,51,2018-03-19 11:25:11
84,67,2016-07-20 19:27:10
13,43,2016-06-29 01:43:07
64,88,2017-04-07 14:00:49
16,48,2016-12-10 12:48:26
47,35,2017-12-03 01:54:32
5,38,2017-08-19 18:30:33
92,43,2017-11-19 06:29:28
50,46,2017-11-03 13:30:04
7,84,2018-04-29 01:37:41
39,36,2017-01-06 03:35:30
42,78,2017-09-12 06:45:40
20,59,2017-01-13 11:39:43
66,26,2016-08-14 07:24:47
12,55,2017-10-21 07:31:37
85,39,2018-01-06 23:19:01
88,50,2018-02-18 00:34:03
34,79,2016-07-17 13:53:22
99,59,2016-12-28 04:14:07
48,13,2017-03-25 00:10:21
46,89,2017-02-02 12:02:32
58,63,2016-11-29 14:11:47
49,94,2017-01-20 13:32:10
90,95,2017-07-17 01:37:46
42,55,2016-11-07 05:09:28
27,75,2018-02-04 08:57:46
73,42,2018-02-27 09:24:00
19,71,2017-08-07 20:46:21
93,20,2018-03-04 11:16:38
31,45,2016-12-27 23:47:14
32,10,2017-03-07 14:53:55
2,18,2016-06-11 15:08:31
96,31,2017-07-29 13:43:51
45,65,2017-03-12 06:53:57
78,13,2017-10-13 09:13:36
65,43,2018-02-05 00:22:47
34,92,2018-03-04 14:23:54
65,79,2016-07-13 16:21:08
57,75,2016-10-10 08:07:05
21,9,2016-08-12 23:12:51
7,74,2016-09-26 04:11:49
83,69,2016-11-10 17:47:13
8,75,2016-08-08 06:40:33
94,78,2017-12-02 11:55:10
95,43,2016-11-19 09:20:19
20,49,2018-04-29 14:29:53
12,45,2017-03-19 19:31:28
53,82,2017-03-21 10:21:56
45,78,2018-01-05 09:31:15
58,17,2016-09-20 04:20:50
7,51,2017-07-10 07:21:33
27,29,2016-08-28 20:11:52
18,60,2017-10-23 07:18:37
58,53,2016-10-09 18:52:04
82,81,2016-07-07 17:04:27
7,87,2017-10-04 03:58:51
54,19,2016-09-23 08:19:28
60,62,2016-07-09 14:07:44
31,35,2016-12-06 03:02:38
51,13,2016-08-09 08:48:06
95,56,2017-08-21 22:24:11
88,17,2017-06-15 15:57:03
33,81,2016-10-25 16:05:36
60,98,2018-02-02 01:29:40
37,51,2018-04-10 18:20:10
57,29,2016-12-11 07:39:41
2,93,2017-04-22 01:35:35
28,2,2018-01-04 00:31:02
67,79,2016-11-04 12:25:41
46,56,2017-02-12 06:23:26
5,18,2017-05-25 16:49:19
57,65,2016-12-23 23:27:08
58,30,2016-07-28 14:14:50
49,61,2017-06-25 05:34:26
7,64,2017-03-26 18:24:29
27,42,2016-08-05 08:12:02
90,98,2016-12-06 22:50:10
29,88,2016-12-17 12:13:45
3,71,2018-04-05 15:58:43
71,62,2016-06-26 16:02:21
42,35,2016-08-11 08:56:54
29,65,2018-02-07 19:14:38
54,9,2017-03-22 20:16:27
40,74,2016-11-12 05:13:10
72,26,2017-12-13 11:33:42
63,94,2016-07-29 04:03:16
84,37,2016-08-06 14:55:29
62,98,2017-11-13 19:27:08
95,46,2016-06-18 22:31:19
87,42,2016-11-21 11:42:40
88,7,2017-06-15 01:23:57
46,10,2016-10-25 03:46:44
49,15,2017-01-26 00:12:53
68,28,2017-06-26 00:07:28
79,43,2017-12-29 02:07:36
28,77,2017-07-02 20:38:31
81,3,2016-10-01 08:10:28
11,24,2018-03-06 01:16:53
84,14,2017-12-30 19:51:50
75,45,2016-08-15 00:43:14
21,74,2018-03-27 17:20:46
25,44,2018-01-07 23:28:33
4,21,2017-07-01 10:17:03
56,31,2018-02-21 14:04:54
22,38,2017-09-04 08:39:11
88,20,2018-05-01 17:51:38
14,70,2018-02-18 09:06:13
91,30,2017-05-20 23:10:53
36,94,2017-09-09 17:26:40
77,95,2016-11-04 16:32:15
44,34,2017-12-02 13:06:43
56,8,2017-01-16 05:15:27
41,65,2017-03-21 23:11:45
74,62,2016-11-26 14:08:35
34,26,2017-02-19 05:50:13
65,13,2017-06-12 00:45:44