user_id,photo_id,created_at
92,232,2016-11-28 15:20:49
59,55,2017-10-25 04:53:45
44,155,2018-03-08 18:49:25
58,239,2017-11-29 11:29:43
21,208,2017-10-12 10:55:26
42,2,2017-02-12 20:28:00
87,153,2018-01-03 01:44:13
40,41,2017-07-13 03:36:12
11,243,2016-11-15 02:11:09
5,83,2017-01-07 09:15:30
10,198,2017-10-01 22:55:57
17,94,2016-09-07 16:22:43
43,195,2017-05-09 09:27:28
54,241,2017-06-05 13:07:06
14,168,2017-12-26 20:17:51
29,68,2017-02-19 12:31:47
21,64,2016-06-21 14:59:30
61,100,2016-10-03 12:46:58
81,78,2018-04-27 22:02:54
59,176,2016-12-21 21:00:09
93,52,2018-01-11 23:39:39
23,253,2018-03-27 19:36:14
39,81,2016-11-26 10:21:44
79,154,2017-05-30 11:50:10
30,112,2018-04-21 18:35:04
35,227,2017-10-13 16:16:20
47,201,2016-08-20 13:52:27
54,97,2018-02-19 10:25:55
14,24,2017-09-18 22:59:59
5,204,2016-10-27 06:06:04
86,49,2018-03-18 12:17:02
4,96,2017-08-06 22:59:02
78,45,2018-02-18 20:48:45
29,189,2017-07-20 02:35:51
21,185,2016-08-21 05:53:53
100,69,2017-05-18 08:18:32
58,252,2017-04-18 11:32:13
5,60,2018-03-31 10:36:28
45,133,2017-03-01 22:02:29
37,129,2018-03-23 14:23:53
10,175,2017-03-05 16:11:53
42,244,2017-06-07 21:22:08
54,218,2017-11-16 16:23:40
14,145,2017-07-29 06:05:30
21,41,2016-12-06 00:50:27
39,238,2016-10-07 08:32:33
11,256,2018-04-09 09:09:43
5,96,2016-08-21 07:40:00
24,195,2016-11-18 14:27:21
98,144,2016-09-14 03:28:44
10,31,2016-08-05 17:13:41
15,146,2017-12-14 01:57:35
81,91,2016-06-27 14:27:17
54,74,2017-11-19 03:01:51
14,1,2016-09-15 09:33:20
59,189,2018-02-23 05:39:12
5,181,2016-08-26 23:50:30
85,61,2017-07-05 11:15:49
90,176,2017-01-21 09:00:26
23,86,2017-03-18 16:08:05
36,205,2018-03-04 04:36:09
69,202,2016-10-13 19:10:41
75,133,2016-11-22 01:02:24
21,162,2016-07-06 12:59:31
14,37,2017-04-30 17:20:10
5,217,2017-09-22 19:40:55
67,49,2017-03-06 19:58:18
79,23,2017-08-30 04:55:09
10,152,2017-12-05 06:26:44
56,119,2018-01-27 21:45:26
17,48,2017-09-11 22:58:32
61,234,2018-03-14 20:32:02
54,195,2017-08-20 19:03:30
14,122,2018-03-18 23:17:04
21,18,2017-11-29 11:16:27
45,146,2017-05-22 17:32:11
5,73,2017-12-05 08:16:10
85,182,2016-08-31 16:05:15
43,185,2017-04-12 13:19:03
89,152,2017-07-28 09:27:33
14,158,2016-11-07 11:03:09
21,54,2016-06-11 00:00:12
54,51,2017-11-18 04:57:45
27,97,2017-05-19 10:26:26
53,235,2017-09-24 19:28:56
72,248,2016-06-09 17:54:38
23,243,2017-10-02 10:54:30
63,136,2016-06-10 15:40:18
43,41,2017-03-27 21:44:10
47,191,2017-01-23 00:15:46
8,120,2017-12-14 13:36:14
54,87,2016-12-11 14:59:27
14,14,2017-12-27 15:54:52
94,123,2017-07-10 09:05:54
5,194,2016-11-15 23:31:11
66,61,2017-07-05 13:46:32
46,232,2017-01-12 09:34:29
23,99,2016-08-21 15:22:23
70,31,2018-03-03 08:43:19
69,215,2017-11-12 22:19:35
21,175,2017-03-06 10:21:53
82,5,2018-03-27 19:22:02
34,114,2017-03-03 15:02:00
39,192,2016-12-10 02:29:33
5,50,2016-12-04 04:58:27
71,32,2017-03-24 04:01:04
9,57,2018-03-15 16:34:42
50,58,2018-02-23 16:29:05
54,208,2017-03-06 22:40:25
14,135,2017-10-17 06:50:13
21,31,2017-04-25 00:42:22
60,22,2016-11-03 01:48:25
6,51,2017-11-30 00:48:20
70,152,2016-12-08 03:43:25
54,64,2017-03-16 09:48:03
27,110,2016-10-07 15:57:44
53,248,2016-06-09 08:28:34
45,244,2016-09-01 05:29:10
5,171,2016-06-16 17:58:14
20,71,2017-01-09 12:26:55
14,256,2017-08-05 11:20:38
21,152,2017-10-24 13:31:19
47,24,2017-09-18 01:09:19
99,71,2017-05-05 02:55:15
5,27,2016-10-28 02:02:25
65,78,2017-02-28 14:17:15
50,215,2016-08-13 19:46:37
76,87,2017-09-25 06:36:43
54,185,2016-12-14 09:06:18
14,112,2017-06-26 00:27:33
21,8,2016-10-03 09:03:51
67,124,2017-06-30 16:07:39
5,63,2017-02-09 01:13:12
49,106,2016-12-21 16:46:42
87,218,2016-09-05 18:58:26
54,41,2018-04-13 07:35:21
45,221,2017-09-28 14:10:03
11,79,2018-04-29 11:21:48
64,234,2017-04-27 05:46:29
71,130,2018-03-07 01:32:09
56,230,2017-12-15 18:57:58
91,108,2016-10-04 09:13:22
28,168,2017-10-06 23:14:52
14,233,2017-04-02 07:14:07
21,129,2017-06-05 01:53:47
14,4,2018-04-14 07:55:45
5,184,2016-09-24 08:35:28
86,29,2018-03-11 15:48:26
2,115,2017-04-29 00:32:54
9,11,2016-11-19 10:03:08
62,166,2018-01-20 04:21:22
55,41,2017-07-11 08:51:02
54,162,2016-06-10 01:31:44
22,93,2018-01-17 17:18:14
96,79,2018-02-01 05:38:35
5,40,2017-06-16 03:15:28
31,178,2017-02-10 05:44:29
91,229,2017-10-25 03:19:40
63,247,2018-02-24 12:19:17
9,47,2018-03-03 02:11:11
49,83,2016-08-01 12:56:38
21,250,2018-03-23 05:36:14
14,125,2017-12-02 03:54:36
54,198,2016-10-07 17:45:42
21,21,2017-01-25 11:31:55
69,61,2017-12-24 23:28:15
44,233,2017-05-22 15:58:23
64,211,2016-12-15 00:46:38
30,69,2017-06-22 13:02:25
96,200,2016-10-16 09:07:39
87,231,2016-07-11 17:40:09
88,196,2017-08-23 20:21:12
29,110,2017-03-29 19:45:37
54,54,2017-10-15 06:54:34
5,161,2018-01-02 06:47:41
31,70,2017-12-09 12:39:29
32,35,2017-04-28 17:03:13
97,244,2017-03-09 21:47:50
24,31,2017-12-20 05:50:16
16,27,2016-08-10 19:20:17
14,246,2016-11-06 16:21:41
35,40,2017-03-30 09:35:17
21,142,2017-12-07 13:21:58
15,211,2017-09-08 00:01:34
5,17,2018-03-16 18:25:16
46,55,2017-06-24 06:45:18
64,103,2016-06-20 22:33:49
54,175,2017-06-08 22:34:50
14,102,2017-01-31 11:40:34
73,188,2016-08-04 23:58:03
26,76,2017-12-04 14:06:29
31,191,2016-12-12 19:04:50
96,177,2018-05-01 18:06:54
54,31,2017-12-17 05:36:42
93,251,2018-02-18 10:18:30
5,138,2017-04-27 14:55:13
57,185,2018-03-19 11:43:28
14,223,2016-09-22 03:30:16
75,90,2017-11-18 23:59:22
21,119,2016-08-08 01:35:37
80,168,2016-10-11 06:30:14
96,33,2016-07-03 07:21:26
5,174,2016-09-18 17:40:18
53,71,2016-12-14 03:35:43
99,38,2016-07-03 20:47:23
24,44,2018-03-20 14:08:54
37,63,2018-04-05 17:50:13
69,195,2017-11-21 22:43:05
54,152,2018-01-26 09:19:06
14,79,2016-07-21 13:20:18
100,39,2017-01-13 22:03:43
85,139,2016-08-12 00:28:35
5,30,2016-12-31 23:52:30
82,250,2017-10-17 02:54:40
21,240,2017-09-23 23:15:44
14,115,2016-08-02 13:08:27
54,8,2017-12-24 15:08:39
26,89,2017-06-13 02:07:21
79,101,2018-02-22 09:40:40
65,166,2017-11-24 01:28:48
1,181,2016-08-12 11:03:53
14,200,2016-08-19 07:51:38
47,148,2017-11-14 03:32:09
21,96,2016-09-12 08:24:39
54,44,2017-11-27 14:01:46
96,10,2016-12-12 07:01:52
29,100,2017-11-21 23:54:58
100,160,2017-02-10 20:45:14
5,151,2018-03-03 06:30:48
38,185,2017-12-24 20:19:16
72,61,2017-07-31 03:50:29
49,194,2018-03-16 20:59:31
14,236,2017-06-02 16:42:05
21,132,2018-04-13 15:32:57
54,129,2016-09-15 06:04:24
88,42,2016-12-02 20:01:25
93,120,2017-07-17 18:22:31
5,7,2017-05-12 23:56:24
51,123,2016-11-09 19:26:19
21,217,2018-02-05 16:07:46
14,92,2017-05-27 11:28:27
54,165,2017-12-16 11:49:13
6,237,2017-06-16 15:00:46
11,203,2018-03-11 15:40:38
67,104,2017-04-28 22:09:05
32,146,2017-02-02 20:30:12
78,113,2017-12-11 07:47:19
43,155,2017-06-20 20:02:00
63,70,2017-02-16 13:06:27
21,253,2017-09-07 16:17:34
36,116,2017-07-12 00:00:25
41,231,2016-07-06 10:21:27
1,158,2018-02-01 00:35:36
54,21,2017-11-13 04:55:05
93,241,2017-04-06 00:14:20
20,28,2017-04-04 08:04:43
5,128,2017-01-06 11:27:55
72,38,2016-06-23 10:02:50
51,15,2017-12-19 18:36:53
68,184,2017-12-22 20:46:38
14,213,2018-01-07 05:37:58
15,178,2016-09-05 01:22:26
21,109,2017-09-15 12:56:56
59,221,2016-11-07 05:02:21
83,169,2017-02-27 13:21:54
54,142,2018-01-18 09:05:49
14,69,2017-01-25 09:19:46
5,249,2017-04-04 03:20:46
13,110,2018-01-06 14:33:22
63,227,2018-01-04 07:54:59
84,170,2016-08-19 11:49:18
21,230,2017-10-08 06:17:42
47,102,2017-10-13 20:58:47
53,182,2016-09-06 21:40:18
13,146,2018-03-20 10:56:13
5,105,2016-07-09 20:58:54
17,116,2017-06-26 02:51:26
68,161,2016-07-28 12:10:29
29,90,2017-05-23 15:48:45
14,190,2017-08-01 04:23:19
21,86,2017-01-19 23:46:01
93,254,2018-02-07 00:24:58
85,250,2018-03-12 23:01:02
5,141,2017-06-27 01:58:14
49,184,2017-04-09 19:05:31
16,7,2016-07-13 11:37:33
54,119,2017-12-05 20:34:04
14,46,2016-11-01 11:53:58
18,196,2017-10-28 08:02:20
100,235,2016-11-04 01:50:21
93,110,2018-04-21 14:18:15
5,226,2017-08-31 21:40:05
70,243,2018-01-11 18:22:35
46,35,2016-09-01 08:05:09
29,211,2017-08-17 10:33:02
48,224,2017-07-09 05:23:20
21,207,2016-10-14 12:14:22
14,82,2016-08-24 17:19:31
41,185,2018-01-07 01:47:43
1,112,2017-12-14 14:32:02
78,103,2017-02-24 03:05:51
83,38,2017-07-14 18:16:14
81,257,2017-08-19 04:44:48
54,240,2016-10-17 17:30:35
14,167,2017-12-25 07:12:46
47,115,2017-10-13 14:23:35
21,63,2018-03-30 20:48:05
54,11,2016-12-18 20:25:53
20,247,2018-02-21 19:05:14
5,118,2017-02-08 08:49:20
31,256,2016-08-13 09:41:38
23,252,2017-08-15 11:46:30
22,207,2018-01-11 03:15:43
43,1,2016-09-24 15:03:29
69,139,2017-08-08 13:17:56
14,203,2017-05-23 06:56:07
21,99,2017-04-25 12:32:37
54,96,2018-01-30 23:51:45
1,4,2016-06-25 11:05:53
37,43,2016-11-21 12:43:58
51,90,2018-02-22 16:06:01
54,132,2018-03-01 05:18:32
14,59,2017-08-26 01:38:02
95,133,2017-01-26 07:16:13
5,239,2017-06-18 05:40:46
66,106,2016-08-27 04:05:28
31,148,2016-07-26 08:50:56
79,45,2018-02-26 05:22:36
43,122,2017-03-22 00:30:00
89,89,2017-05-18 04:03:05
29,224,2017-04-09 16:23:10
21,220,2017-09-26 00:49:41
55,96,2017-05-06 07:36:35
5,95,2017-12-03 07:42:50
72,5,2016-12-26 19:53:40
63,73,2017-11-18 09:25:02
9,102,2017-12-14 17:35:11
54,253,2018-02-28 05:08:46
14,180,2018-04-16 00:40:10
21,76,2017-06-21 21:13:35
60,67,2018-04-11 19:10:48
73,86,2016-07-15 09:18:03
12,256,2016-11-22 02:11:18
53,28,2017-03-18 07:18:25
50,139,2018-02-23 09:52:37
36,204,2016-07-25 16:55:43
7,177,2018-04-02 00:18:12
8,142,2016-08-08 14:09:00
54,109,2018-04-08 09:52:41
14,36,2018-04-10 13:06:54
68,7,2016-09-19 00:41:40
74,87,2017-03-27 23:38:39
5,216,2017-07-01 08:24:59
13,77,2017-06-25 18:30:55
77,241,2016-09-10 11:29:07
90,31,2017-10-10 21:44:23
21,197,2017-11-27 03:12:17
94,181,2016-12-08 07:14:26
6,217,2017-10-26 16:40:29
44,180,2017-12-27 00:46:56
4,144,2016-07-11 09:00:26
5,72,2017-11-25 11:06:07
64,158,2017-05-08 17:50:16
17,83,2017-07-08 05:42:58
54,230,2016-06-19 12:37:33
14,157,2017-05-27 12:56:20
21,53,2018-03-03 11:00:26
74,208,2017-01-28 18:15:00
66,204,2017-03-10 02:15:27
5,108,2018-03-03 09:22:54
33,27,2017-07-02 01:04:22
37,177,2017-12-21 10:12:05
43,220,2017-01-17 05:31:24
49,151,2017-05-16 14:18:11
64,14,2018-04-04 04:59:51
56,10,2016-08-29 13:54:56
69,129,2017-11-16 22:17:54
15,158,2018-03-03 08:16:49
54,86,2017-08-02 08:45:04
14,13,2018-01-08 05:33:41
93,77,2017-08-11 11:22:24
25,59,2018-02-10 11:59:20
24,243,2017-09-03 19:44:31
63,171,2016-10-13 07:31:40
76,253,2018-03-31 05:02:43
82,184,2018-01-16 19:42:36
48,191,2016-12-25 05:01:42
21,174,2017-04-13 19:04:16
14,49,2016-10-17 15:39:29
100,238,2016-10-27 23:53:33
5,229,2017-12-31 05:45:15
26,23,2017-04-22 02:28:08
89,79,2017-12-23 19:24:16
54,207,2016-09-30 06:42:14
47,82,2017-04-22 05:17:53
39,227,2016-07-01 11:36:11
5,85,2017-07-29 14:58:23
92,90,2017-04-07 16:07:45
11,16,2018-03-15 09:58:07
58,97,2016-11-03 06:50:32
68,141,2016-09-18 04:47:21
54,243,2016-12-07 00:57:13
14,170,2018-02-17 22:27:44
15,135,2017-03-01 22:02:57
21,66,2018-01-02 22:17:43
59,178,2017-01-23 21:42:46
45,14,2017-01-24 08:24:26
63,148,2016-06-27 13:04:49
97,24,2016-08-21 17:21:09
62,103,2016-10-16 18:17:20
54,99,2018-02-10 17:04:01
14,26,2018-03-28 13:36:55
74,77,2016-12-06 14:06:25
5,206,2017-10-17 17:15:08
38,11,2016-10-19 05:57:47
63,184,2016-12-15 08:14:18
21,187,2016-07-04 14:52:34
61,223,2016-06-16 09:49:30
80,236,2017-07-28 08:06:10
47,59,2018-04-19 07:23:05
5,62,2016-12-27 02:24:28
83,247,2016-11-29 15:59:37
2,173,2018-02-22 17:50:17
77,87,2017-04-29 16:39:31
54,220,2017-02-08 15:34:00
14,147,2017-07-20 01:31:22
21,43,2018-02-13 13:50:56
61,79,2017-04-17 14:21:02
12,223,2018-02-17 20:49:24
72,237,2018-01-30 19:31:15
79,133,2017-11-20 23:21:08
91,107,2016-07-10 18:57:22
15,148,2016-09-20 16:26:33
87,253,2017-09-11 01:32:39
88,218,2017-02-07 18:53:07
54,76,2017-12-03 14:24:13
14,3,2016-07-11 20:18:18
60,119,2017-07-02 18:47:29
5,183,2018-03-08 01:47:41
65,234,2016-12-12 10:36:05
30,127,2017-08-25 14:29:31
71,165,2017-04-08 10:24:35
57,230,2017-09-16 06:03:41
15,233,2017-08-07 10:43:10
21,164,2018-02-18 01:59:09
60,155,2017-11-12 05:10:43
5,219,2017-09-18 23:31:25
18,238,2017-09-06 03:17:34
100,48,2017-10-26 04:07:13
24,89,2016-12-02 21:18:55
10,154,2017-12-12 04:55:34
17,50,2017-07-08 15:03:26
28,59,2017-04-28 16:24:58
54,197,2016-06-26 06:30:45
14,124,2017-09-08 21:29:33
21,20,2016-12-24 16:33:16
5,75,2016-09-01 09:06:18
49,118,2017-04-28 23:36:50
69,96,2016-11-15 04:29:53
14,160,2016-09-02 04:09:23
88,195,2017-09-04 23:05:09
8,86,2017-06-07 03:06:21
54,53,2017-11-19 13:59:03
30,104,2017-11-06 22:17:05
90,155,2016-11-11 13:47:14
14,245,2017-12-16 13:51:26
21,141,2016-07-15 06:13:18
14,16,2017-05-10 20:35:20
54,89,2018-04-07 05:27:52
5,196,2016-11-14 05:15:53
53,93,2016-12-01 01:52:05
38,230,2017-08-04 11:12:58
59,24,2017-04-13 16:14:51
49,239,2017-03-23 22:48:30
21,177,2016-12-03 04:16:48
62,178,2016-10-13 07:23:08
55,53,2016-06-04 22:40:00
8,207,2017-02-15 00:26:40
54,174,2017-09-13 18:07:05
73,187,2017-10-24 19:47:17
34,116,2016-06-06 22:08:09
5,52,2017-10-19 08:39:39
51,168,2017-01-09 21:26:23
54,210,2018-04-07 17:19:12
14,137,2017-09-08 14:55:59
21,33,2017-08-27 02:53:27
20,217,2018-02-06 21:50:56
79,123,2016-06-07 08:54:35
10,252,2017-12-13 10:07:32
76,197,2018-02-25 22:53:16
1,203,2017-12-23 07:33:35
88,208,2016-07-21 06:43:47
54,66,2016-10-30 02:00:17
5,173,2018-03-31 12:42:26
59,1,2016-07-08 05:17:34
68,229,2016-07-04 21:02:51
29,158,2018-02-08 10:51:57
21,154,2017-05-06 03:11:35
36,17,2016-07-21 03:57:52
40,167,2017-08-01 06:29:23
34,93,2016-11-13 10:21:14
5,29,2018-02-16 21:39:43
79,15,2018-01-08 20:28:05
10,144,2016-11-29 16:34:42
62,191,2018-01-14 13:06:50
54,187,2016-07-07 03:23:26
14,114,2017-04-03 11:45:12
73,200,2017-06-13 13:47:48
21,10,2016-08-09 15:33:30
74,165,2017-12-16 02:21:49
60,230,2017-03-27 17:08:30
72,204,2016-10-16 04:26:33
38,99,2017-03-09 11:59:10
97,148,2017-11-22 15:03:52
98,113,2017-11-20 07:38:24
58,77,2017-01-01 22:17:03
75,246,2016-07-30 03:58:46
54,43,2018-01-07 22:54:01
53,227,2017-11-24 03:11:31
20,50,2017-10-09 22:01:09
5,150,2017-03-22 15:32:54
56,232,2018-02-14 11:31:22
4,42,2017-02-21 19:07:44
91,110,2018-01-10 22:41:29
23,55,2017-05-29 04:43:21
32,24,2018-02-20 20:29:05
14,235,2017-10-22 18:55:18
35,29,2018-03-10 18:07:19
21,131,2017-10-18 06:33:00
14,6,2018-02-15 08:28:23
94,115,2017-03-25 07:02:49
55,7,2016-06-02 04:18:13
5,186,2016-06-25 16:55:33
33,105,2018-03-03 04:17:36
38,220,2016-12-30 22:24:09
44,114,2017-07-30 15:04:29
36,30,2016-07-17 12:09:10
54,164,2017-05-25 20:24:14
14,91,2018-03-15 07:43:51
34,106,2016-06-12 23:19:27
19,206,2016-12-24 10:15:13
80,36,2017-02-16 02:28:11
5,42,2017-04-12 10:55:58
86,116,2017-11-01 20:01:28
6,7,2017-04-28 00:13:23
89,121,2016-09-25 12:08:04
21,252,2017-05-16 14:25:10
14,127,2018-01-04 22:25:39
21,23,2016-06-30 06:23:40
54,20,2016-12-16 12:02:01
12,203,2017-05-13 17:26:37
99,171,2017-09-29 01:17:40
65,178,2018-03-24 04:56:33
17,138,2017-10-07 05:39:26
9,134,2018-03-05 16:46:14
2,9,2017-12-02 12:12:03
28,147,2017-09-17 15:04:17
14,212,2016-07-28 18:58:18
21,108,2017-04-03 20:34:08
54,56,2018-04-26 11:29:13
41,86,2017-12-21 19:30:39
45,236,2016-06-20 07:34:57
5,163,2018-01-13 12:04:39
52,95,2017-05-29 02:24:38
38,197,2016-10-31 10:12:40
13,24,2016-07-02 12:20:53
78,4,2017-06-20 22:48:38
69,184,2017-11-30 06:02:33
14,248,2018-01-06 22:03:08
15,213,2017-07-04 06:49:20
21,144,2018-01-31 04:15:15
54,141,2017-04-12 11:27:02
5,19,2016-07-03 09:53:05
31,157,2017-07-29 03:09:36
76,79,2017-10-22 08:39:08
54,177,2017-06-16 16:27:12
14,104,2017-04-06 07:52:09
6,20,2017-11-20 11:00:25
39,17,2016-11-27 04:05:10
62,37,2017-06-19 01:21:41
1,170,2016-12-24 03:22:17
54,33,2017-08-29 18:25:21
44,248,2016-06-26 17:34:23
5,140,2017-10-26 05:36:35
38,174,2016-12-12 12:22:59
14,225,2017-10-09 19:03:52
21,121,2017-04-14 11:55:04
40,134,2016-10-25 03:34:38
72,86,2017-11-11 04:49:55
100,5,2016-12-28 01:19:51
30,169,2017-09-14 14:06:41
89,255,2017-11-17 04:13:02
70,242,2016-06-05 11:19:20
65,47,2016-07-16 21:38:14
90,220,2016-08-29 12:08:04
54,154,2017-09-22 01:40:47
14,81,2016-09-14 18:57:13
11,192,2018-04-06 11:22:37
5,32,2016-06-24 21:01:41
86,106,2017-04-16 23:15:35
83,217,2017-01-01 11:40:58
21,242,2016-12-23 07:00:37
41,220,2017-03-21 10:04:21
54,10,2017-11-28 11:37:11
67,129,2017-08-26 04:17:00
59,125,2017-03-07 05:26:11
5,117,2016-11-09 09:57:46
11,48,2016-09-26 00:33:19
83,73,2018-02-28 20:22:31
14,202,2017-11-09 03:43:38
21,98,2016-12-29 19:45:10
34,217,2017-05-25 20:00:06
26,176,2017-04-23 09:52:07
5,153,2016-10-23 10:18:48
78,223,2018-01-09 08:54:49
99,17,2016-11-23 02:35:37
56,55,2017-04-15 22:19:41
35,32,2017-05-13 19:40:54
54,131,2017-08-29 01:50:48
14,58,2016-10-12 01:03:20
88,44,2017-09-26 01:50:13
74,109,2016-09-17 13:57:59
66,105,2016-07-26 03:08:07
85,118,2017-08-11 14:16:09
5,9,2016-12-01 21:42:14
78,79,2018-01-28 22:55:05
43,121,2017-08-31 22:26:21
49,52,2017-05-31 11:22:32
21,219,2017-05-07 07:12:51
14,94,2018-04-18 19:25:24
32,148,2016-08-20 16:57:19
54,252,2018-01-03 04:47:54
54,23,2016-09-04 17:02:57
5,130,2016-09-08 16:35:14
37,199,2017-04-14 23:27:45
51,246,2017-09-20 17:07:55
32,4,2017-01-24 08:08:53
68,186,2016-10-26 22:27:43
14,215,2017-02-20 13:13:58
21,111,2017-07-07 06:40:32
41,89,2018-04-13 12:01:36
67,227,2017-04-29 16:30:12
79,201,2017-10-13 01:06:06
11,146,2016-08-06 17:18:23
64,72,2016-09-24 12:47:44
31,124,2017-10-04 16:47:35
54,144,2016-11-22 10:16:36
14,71,2017-05-23 22:00:25
80,16,2018-01-10 04:38:17
5,251,2017-11-03 03:44:51
63,229,2017-07-21 03:53:42
97,105,2017-04-30 20:14:55
21,232,2018-03-28 02:34:56
52,219,2017-04-06 19:23:48
5,107,2017-09-16 14:35:35
92,112,2018-01-26 15:03:10
14,192,2017-01-31 22:36:19
21,88,2017-02-05 19:57:00
74,243,2016-11-10 17:33:45
86,217,2017-06-29 02:24:18
34,27,2017-05-15 07:34:54
25,58,2018-01-27 15:41:51
36,216,2017-08-20 20:39:05
42,147,2017-05-17 19:49:32
28,212,2017-01-28 06:18:06
54,121,2018-04-10 02:50:09
14,48,2018-01-09 17:43:03
5,228,2016-09-26 21:33:36
26,22,2018-02-01 16:51:14
24,98,2017-04-30 20:12:36
49,42,2016-09-08 16:12:35
50,7,2016-11-28 11:12:54
21,209,2017-07-21 02:32:03
69,20,2018-02-03 03:57:33
95,158,2018-02-01 13:47:44
36,72,2017-05-02 17:59:48
87,154,2018-03-23 02:14:18
36,108,2016-09-01 07:55:22
62,246,2016-10-21 21:08:42
22,173,2018-03-14 00:00:24
28,104,2016-10-29 05:25:58
54,242,2017-09-07 19:20:32
14,169,2017-03-26 14:11:55
29,69,2018-02-21 21:02:30
94,49,2017-09-01 07:07:26
21,65,2016-12-28 11:31:37
5,120,2017-04-03 20:45:47
6,85,2018-04-27 11:05:17
14,205,2017-08-20 12:32:03
15,170,2016-08-31 21:12:59
2,51,2016-06-09 22:15:49
55,206,2017-11-05 14:42:58
42,124,2016-10-09 10:42:39
54,98,2016-08-03 13:26:34
13,246,2017-12-15 01:56:03
99,249,2016-06-01 20:23:24
34,40,2017-06-03 03:59:38
74,76,2017-03-16 01:08:07
24,255,2017-01-27 15:43:05
17,216,2018-01-26 14:21:17
21,186,2018-03-03 11:34:57
14,61,2017-06-27 14:46:59
54,134,2017-06-26 15:50:41
41,164,2017-12-11 07:41:24
95,135,2018-04-10 06:18:49
5,241,2017-09-30 05:03:48
59,69,2016-12-10 20:13:20
50,249,2017-06-29 13:07:03
35,120,2017-08-02 05:37:00
21,222,2017-03-23 04:34:15
91,21,2016-10-16 00:25:20
22,150,2016-08-13 23:36:25
81,236,2016-06-17 05:14:33
54,219,2017-10-12 23:57:15
74,197,2017-08-22 04:56:36
20,226,2016-08-26 04:59:45
53,174,2018-03-20 15:08:27
5,97,2017-09-10 22:00:23
3,173,2017-08-10 22:41:30
64,3,2016-12-02 16:32:38
68,153,2017-11-04 15:26:30
54,255,2017-12-18 16:23:08
14,182,2017-06-29 12:56:10
75,49,2017-01-18 06:45:52
21,78,2017-08-09 22:00:42
62,79,2016-06-08 21:02:31
66,229,2017-10-24 08:37:11
98,181,2017-10-27 09:48:11
54,111,2017-07-26 19:53:07
14,38,2018-01-12 13:21:39
5,218,2016-07-05 01:22:43
86,63,2018-01-03 17:35:42
77,243,2017-06-13 04:07:12
97,72,2018-01-16 17:31:55
89,68,2016-08-21 05:10:23
21,199,2017-11-22 10:10:24
80,248,2017-09-20 18:49:17
81,213,2016-08-20 19:03:17
39,216,2018-02-15 03:13:12
5,74,2017-02-07 17:12:05
92,79,2018-03-08 02:50:34
30,247,2018-03-11 19:37:53
46,112,2018-01-15 11:22:39
57,121,2018-02-18 01:55:17
91,34,2017-05-18 19:28:47
54,232,2016-06-12 17:04:15
14,159,2017-09-08 18:39:55
21,55,2017-09-24 20:53:50
94,39,2017-05-06 15:19:43
66,206,2017-05-28 10:43:36
86,184,2017-03-24 06:05:55
23,244,2016-07-07 21:45:33
89,189,2017-04-08 20:31:26
64,16,2017-02-22 02:14:10
54,88,2018-03-07 17:13:38
14,15,2018-01-14 06:09:21
100,204,2018-01-08 01:52:45
25,61,2018-04-04 10:37:20
5,195,2018-03-02 00:59:38
70,212,2017-03-21 17:38:58
21,176,2016-08-24 04:37:02
14,51,2017-10-31 02:47:54
95,125,2017-03-12 09:10:36
1,81,2016-10-14 22:25:13
5,231,2017-03-15 10:01:13
18,21,2017-02-19 00:31:01
45,124,2016-09-23 21:59:04
76,111,2016-11-26 21:32:44
36,75,2016-11-02 23:59:56
8,242,2017-09-01 13:27:46
54,209,2016-11-27 09:30:42
14,136,2017-01-28 17:39:19
21,32,2016-12-03 19:12:05
45,160,2016-07-04 12:28:57
5,87,2016-08-26 05:16:54
78,157,2018-01-31 05:36:44
97,170,2017-10-21 15:02:05
14,172,2017-06-28 08:39:48
21,68,2018-04-08 16:01:35
1,202,2018-03-15 06:05:26
54,65,2017-01-02 21:02:07
99,216,2017-05-20 01:58:40
20,72,2018-03-20 09:37:34
39,85,2016-09-27 01:54:44
24,222,2016-11-19 16:53:39
85,52,2017-07-14 17:20:20
35,231,2017-04-05 17:20:25
10,58,2017-11-28 08:30:26
14,257,2017-06-24 14:12:07
88,243,2017-09-29 09:33:42
21,153,2016-10-27 19:18:46
14,28,2017-08-20 00:25:54
54,101,2017-03-23 16:20:27
41,131,2017-06-27 11:29:37
48,170,2017-11-25 01:29:36
95,102,2016-09-08 19:20:37
5,208,2018-03-15 12:52:56
53,105,2017-08-17 22:13:37
59,36,2018-03-30 09:55:28
32,82,2017-05-10 09:50:32
58,220,2017-03-01 03:34:41
21,189,2017-02-17 23:49:26
54,186,2018-01-20 14:14:29
47,61,2017-09-16 08:48:12
85,173,2018-04-20 21:26:05
5,64,2016-12-17 18:55:51
50,72,2017-05-12 06:33:02
54,222,2017-04-17 19:56:16
14,149,2016-06-11 00:18:30
21,45,2016-08-09 00:26:07
61,81,2017-07-27 03:33:25
33,19,2017-11-20 03:46:59
86,174,2017-08-31 12:47:53
54,78,2017-01-11 10:18:52
14,5,2017-02-13 07:01:47
5,185,2016-07-05 00:51:46
37,254,2018-02-25 03:20:50
71,167,2016-07-29 21:37:54
32,59,2018-04-04 07:53:39
77,210,2018-02-04 23:13:54
98,4,2016-10-03 04:22:05
70,22,2016-08-28 22:00:57
35,64,2016-10-12 13:41:17
21,166,2018-04-04 23:35:22
36,29,2018-01-01 06:43:37
18,240,2016-09-22 06:42:31
5,41,2017-02-15 10:43:29
3,117,2017-09-22 02:45:24
54,199,2018-03-17 16:30:33
14,126,2017-03-11 15:32:45
94,235,2018-04-15 11:46:29
21,22,2017-02-19 05:53:49
74,177,2016-08-15 10:05:44
80,71,2016-08-03 13:56:14
12,202,2017-07-03 12:06:41
5,77,2016-08-01 09:24:07
31,215,2017-02-27 06:28:41
18,96,2017-08-26 02:31:36
58,89,2017-10-17 07:18:22
10,12,2018-02-15 14:17:43
96,201,2016-11-30 23:30:04
1,192,2017-10-17 03:56:52
54,55,2016-10-26 19:41:01
59,170,2017-08-16 07:57:04
5,162,2018-02-19 23:25:23
23,67,2016-09-17 16:04:38
9,169,2017-02-21 03:45:38
14,247,2016-07-06 02:39:17
21,143,2016-08-12 20:48:07
14,18,2017-02-12 16:14:02
5,198,2016-06-20 18:07:14
13,59,2016-10-31 23:46:12
59,26,2018-03-18 00:01:53
79,4,2016-07-09 14:13:01
24,68,2017-02-28 05:31:11
65,69,2017-05-04 14:14:52
2,129,2018-01-10 00:08:05
7,244,2017-11-10 17:51:54
54,176,2017-10-03 15:52:34
14,103,2017-07-19 02:33:08
47,51,2017-12-06 08:13:22
12,179,2016-06-04 13:59:47
5,54,2017-10-07 04:24:46
97,137,2018-01-02 19:29:23
2,165,2017-06-03 12:08:24
14,139,2018-04-30 11:01:32
75,6,2017-07-16 02:00:34
21,35,2018-03-10 23:33:33
66,186,2016-09-01 13:18:07
54,32,2017-11-30 12:22:52
10,25,2016-08-22 16:44:05
22,228,2017-03-24 23:35:07
48,137,2016-12-25 06:25:49
21,120,2017-12-20 01:25:55
54,68,2017-06-29 06:57:15
53,252,2017-04-03 14:12:11
100,184,2016-09-18 22:57:36
5,175,2017-06-03 17:42:46
97,29,2016-08-26 23:02:21
89,25,2017-08-23 06:53:53
16,41,2016-10-22 01:17:59
21,156,2016-12-15 00:55:24
41,134,2018-01-29 08:40:58
99,75,2017-10-14 14:09:16
5,31,2016-08-04 19:40:51
65,82,2018-03-21 11:12:14
91,220,2017-10-25 19:26:24
3,107,2017-09-04 00:35:51
54,189,2016-07-08 12:21:10
14,116,2016-07-28 12:17:45
21,12,2016-07-14 14:45:50
80,61,2016-09-30 07:42:25
73,22,2018-04-01 19:02:46
78,137,2017-09-13 19:32:08
75,248,2016-10-31 21:05:36
96,191,2017-01-25 02:37:21
48,114,2016-07-08 05:09:18
54,45,2017-10-14 23:48:19
33,251,2016-06-20 17:09:23
99,196,2018-02-24 01:40:03
5,152,2017-02-04 23:37:17
17,163,2016-10-12 00:31:22
32,26,2016-11-24 23:02:04
23,57,2016-07-22 11:11:23
9,159,2016-09-08 16:36:33
14,237,2018-02-16 06:12:52
21,133,2018-01-27 02:19:43
7,198,2016-09-17 04:09:25
6,153,2017-10-23 21:39:44
59,16,2018-02-21 08:01:50
79,223,2016-08-04 07:22:40
5,8,2017-08-11 12:16:56
36,32,2018-04-26 14:38:12
54,166,2017-04-29 04:23:53
14,93,2018-01-11 19:52:30
34,108,2016-10-19 11:42:31
5,44,2017-01-05 01:39:35
43,156,2018-01-29 06:18:54
90,88,2017-05-10 02:18:06
21,254,2016-10-02 09:58:19
15,94,2016-10-23 15:06:55
41,232,2016-11-20 13:28:07
55,130,2017-12-19 06:00:27
54,22,2017-08-24 08:52:14
26,103,2018-01-17 01:28:54
13,170,2016-10-15 03:38:22
39,42,2018-03-10 22:17:53
36,153,2017-06-21 05:44:37
82,120,2016-06-17 17:43:47
68,185,2016-08-22 00:13:52
14,214,2016-06-08 06:31:56
21,110,2016-08-31 23:43:46
5,165,2018-01-29 10:19:49
46,203,2017-08-01 17:19:51
92,170,2016-10-08 07:30:21
13,26,2016-10-25 23:17:43
53,62,2017-03-05 19:02:42
89,244,2017-09-05 15:00:05
24,35,2017-01-31 06:21:18
56,67,2018-02-16 01:22:11
14,250,2018-02-01 06:33:13
68,41,2017-10-25 22:17:02
54,143,2016-08-30 22:50:07
88,56,2017-04-05 12:39:53
73,156,2017-08-03 00:09:59
74,121,2017-12-24 08:34:45
25,116,2016-12-14 04:16:41
5,21,2017-11-25 03:29:01
30,194,2018-02-24 13:10:35
32,124,2017-12-05 18:28:44
63,228,2017-01-11 16:54:05
65,72,2018-03-04 07:34:37
49,64,2017-03-11 01:55:55
21,231,2016-12-16 04:06:09
14,106,2016-10-31 17:16:22
54,179,2017-10-23 06:25:11
21,2,2016-11-11 01:34:11
87,176,2016-07-26 23:28:43
12,182,2017-06-08 10:22:43
76,166,2017-01-01 15:49:33
22,195,2017-02-13 12:10:16
55,143,2018-02-22 16:29:54
88,177,2016-07-15 03:48:06
54,35,2016-07-24 19:33:52
95,36,2016-11-28 05:45:15
5,142,2016-06-30 17:39:37
51,29,2017-11-10 04:13:32
77,167,2016-08-12 08:34:01
22,231,2017-08-30 21:34:47
14,227,2018-01-15 11:52:05
75,94,2017-08-04 07:14:10
21,123,2018-04-25 11:51:28
87,68,2017-01-22 04:00:35
33,97,2017-04-30 08:17:35
19,162,2016-09-09 08:37:59
98,226,2017-07-28 07:16:48
51,114,2017-06-20 08:02:02
2,109,2016-08-15 17:08:53
9,5,2018-01-21 17:38:12
8,189,2016-07-26 15:52:09
54,156,2016-10-27 07:52:13
14,83,2018-02-15 16:33:56
94,192,2016-11-30 14:06:08
80,28,2017-06-18 04:57:58
97,117,2017-09-12 07:04:08
43,146,2018-03-10 13:03:21
21,244,2017-03-04 07:21:44
82,74,2017-05-10 04:37:53
7,80,2016-07-03 20:42:16
73,254,2016-08-01 10:12:59
54,12,2016-10-18 04:02:43
48,81,2017-09-20 16:41:46
93,232,2017-08-03 06:13:59
8,45,2017-05-18 08:00:16
72,209,2017-03-30 21:58:39
94,48,2016-11-08 23:13:43
5,119,2018-02-17 06:11:13
14,204,2018-01-13 20:07:30
21,100,2017-01-22 03:08:54
80,149,2017-07-27 18:59:49
67,216,2017-10-14 07:52:49
27,143,2018-01-27 17:14:21
78,225,2017-09-17 10:09:51
54,133,2016-06-15 15:35:13
14,60,2017-02-08 09:01:23
5,240,2017-05-02 15:48:37
5,11,2018-01-15 08:05:51
71,222,2018-01-27 05:25:25
83,196,2018-01-09 00:11:05
84,161,2017-08-02 01:36:36
50,19,2016-07-12 17:08:09
90,55,2017-10-30 01:13:26
21,221,2017-08-10 19:20:15
14,96,2017-07-09 17:26:58
61,28,2016-09-09 16:28:22
65,147,2017-10-21 08:45:24
30,40,2016-08-25 20:20:02
84,17,2016-06-13 14:48:16
54,254,2017-01-10 04:49:54
14,181,2017-06-03 10:46:09
21,77,2017-01-31 23:34:47
54,25,2016-09-01 00:34:47
40,90,2017-10-05 11:05:55
94,61,2016-11-13 16:43:19
25,227,2018-01-06 21:15:01
5,132,2016-06-25 16:33:36
33,51,2017-09-18 05:02:49
44,60,2017-07-21 06:44:01
68,188,2017-06-15 22:49:17
14,217,2017-09-19 23:03:41
21,113,2016-06-02 22:50:22
80,162,2016-08-12 14:00:46
54,110,2017-05-07 19:19:48
38,22,2016-07-04 10:47:54
23,122,2017-08-11 09:49:21
3,64,2018-02-18 19:44:58
48,215,2018-01-11 07:32:31
21,198,2016-08-22 22:35:24
14,73,2017-05-10 01:59:44
54,146,2017-11-10 13:15:08
61,5,2016-07-23 04:02:24
60,189,2017-06-28 13:18:38
5,253,2017-09-20 22:32:31
64,159,2016-07-12 13:18:36
90,68,2017-06-11 06:22:52
21,234,2018-03-26 20:20:41
82,64,2016-08-08 20:24:59
41,212,2016-12-27 05:02:21
54,231,2017-05-09 08:41:18
54,2,2017-12-05 04:08:04
40,67,2018-03-27 17:25:17
53,186,2018-01-16 07:38:18
85,218,2017-01-17 11:40:03
5,109,2017-05-28 09:44:03
57,156,2017-10-29 15:23:54
76,169,2017-03-11 01:58:58
43,221,2016-08-04 13:34:25
14,194,2017-05-20 16:28:18
21,90,2017-10-11 18:15:26
73,100,2017-11-22 04:28:03
98,193,2017-09-25 19:21:57
91,154,2018-04-26 19:24:02
56,47,2017-03-27 16:27:21
35,253,2018-02-26 13:24:13
54,123,2018-04-21 02:23:21
14,50,2016-12-10 16:40:14
5,230,2016-08-29 02:55:08
92,235,2017-07-06 06:30:37
72,140,2017-03-23 02:48:05
78,71,2016-09-20 05:59:56
38,35,2017-03-10 04:04:43
58,242,2016-10-30 18:04:14
21,211,2016-11-02 07:26:12
40,224,2017-11-16 22:50:18
18,56,2016-06-24 10:40:26
45,159,2017-08-01 19:42:46
5,86,2016-10-14 17:15:15
92,91,2017-05-22 15:17:47
54,244,2017-08-29 23:28:20
14,171,2016-06-22 10:36:49
75,38,2016-12-11 02:17:30
21,67,2016-06-23 08:27:31
95,16,2017-11-15 23:28:18
74,222,2017-05-10 14:59:21
12,247,2018-01-14 12:28:50
5,122,2018-04-03 23:31:19
53,19,2017-05-01 17:42:00
51,238,2018-01-29 19:18:09
16,217,2017-12-14 16:12:40
96,246,2017-09-12 11:04:16
54,100,2018-01-02 04:48:15
14,27,2017-04-10 06:15:09
5,207,2017-02-22 08:15:24
11,138,2017-10-09 13:32:25
45,51,2017-03-23 01:43:22
31,116,2016-10-30 12:51:24
36,231,2017-03-19 16:35:59
49,21,2016-11-18 22:31:25
21,188,2016-11-12 19:29:25
14,63,2017-03-20 06:38:11
1,93,2016-11-27 05:35:17
5,243,2016-11-13 08:39:42
18,33,2016-09-28 01:29:53
99,107,2017-04-21 20:55:04
64,149,2016-10-08 16:03:08
82,54,2017-02-22 13:27:33
54,221,2016-12-06 07:28:10
14,148,2017-12-28 01:15:46
21,44,2018-04-13 11:32:22
74,199,2017-05-19 05:23:11
12,224,2017-06-17 16:19:36
5,99,2017-12-05 05:55:11
46,137,2017-11-29 10:58:46
32,202,2016-10-03 00:54:26
38,133,2017-07-20 18:10:59
6,64,2016-10-27 16:40:36
57,146,2017-04-24 05:40:54
44,27,2016-06-05 19:53:04
14,184,2017-11-02 12:03:41
21,80,2018-03-25 10:45:39
81,94,2017-09-29 10:33:08
54,77,2018-01-09 05:21:18
13,225,2017-12-31 16:05:47
59,192,2017-05-13 04:05:21
20,84,2017-10-04 01:27:33
65,235,2016-10-21 20:03:35
16,230,2016-09-28 11:13:00
65,6,2016-06-26 14:37:22
76,15,2018-02-23 08:01:23
21,165,2017-08-31 13:00:44
14,40,2016-09-03 11:52:57
54,113,2016-07-27 22:08:31
5,220,2018-03-19 07:06:18
97,74,2018-01-19 19:10:00
98,39,2017-01-14 10:07:08
35,99,2016-12-18 00:49:15
21,201,2016-08-25 19:36:10
8,231,2017-08-31 03:10:52
99,120,2017-11-07 14:21:37
11,236,2016-12-17 17:51:26
5,76,2017-04-22 21:57:38
31,214,2018-02-10 18:37:30
71,58,2016-07-28 13:08:45
51,192,2017-07-13 05:23:11
77,101,2017-08-12 13:27:28
54,234,2017-07-01 13:34:27
14,161,2016-06-13 10:21:49
21,57,2017-05-20 12:47:32
41,35,2017-04-12 16:13:22
39,74,2017-12-27 03:11:21
58,124,2017-01-07 16:10:24
36,185,2017-07-31 16:06:39
82,152,2017-03-23 05:57:48
54,90,2017-08-09 15:04:49
14,17,2016-10-21 21:22:42
73,103,2018-02-03 03:08:02
94,126,2016-10-26 07:33:54
19,132,2017-04-07 17:16:48
5,197,2017-11-20 12:12:43
31,106,2016-08-07 21:30:21
9,204,2017-06-20 03:13:13
29,182,2016-06-07 14:54:28
21,178,2018-03-17 09:57:05
95,127,2017-07-30 06:22:03
34,117,2017-12-22 16:49:30
18,23,2018-01-03 04:59:07
5,53,2016-12-22 06:46:20
50,241,2017-06-26 10:32:20
54,211,2017-12-20 17:51:42
14,138,2016-07-14 10:59:42
21,34,2018-01-21 11:03:54
66,185,2017-10-19 20:21:46
85,198,2017-09-18 08:10:28
5,89,2016-06-28 00:05:20
95,248,2016-11-05 09:33:49
54,67,2017-04-04 23:19:18
34,238,2018-03-14 17:12:16
77,199,2016-10-06 23:48:16
21,155,2018-04-13 10:28:27
14,30,2017-08-02 06:31:50
5,210,2017-10-17 23:28:33
13,71,2017-02-06 01:02:08
54,188,2016-10-01 10:05:35
29,15,2017-10-18 02:25:45
87,136,2018-02-04 13:10:16
21,11,2018-01-17 17:29:38
20,195,2018-01-01 15:52:36
93,179,2017-02-20 22:51:52
5,66,2017-10-01 04:21:14
98,114,2017-06-18 18:39:37
9,73,2018-01-11 00:38:19
68,122,2017-02-21 05:55:44
54,224,2018-01-17 02:07:49
14,151,2016-10-28 11:38:21
42,70,2017-09-16 04:55:59
21,47,2017-06-01 05:56:45
35,210,2016-07-25 09:55:39
54,80,2017-06-05 15:16:26
14,7,2018-03-14 12:57:39
99,231,2016-07-20 10:33:12
100,196,2017-03-26 19:16:57
5,187,2018-03-17 02:47:49
85,67,2017-11-09 07:03:23
84,108,2018-03-06 06:40:18
21,168,2016-09-05 21:48:00
47,40,2016-11-19 19:47:45
44,151,2017-04-27 11:30:46
85,152,2017-04-05 09:53:00
5,43,2017-06-07 03:29:21
50,231,2017-11-30 21:07:07
51,159,2017-05-27 05:13:57
83,228,2016-06-14 04:59:10
54,201,2017-11-13 10:14:45
14,128,2017-06-17 17:39:16
69,64,2017-07-27 12:23:25
21,24,2016-11-14 03:43:44
94,237,2017-01-10 05:37:37
52,11,2017-10-29 08:03:01
93,12,2016-12-10 20:20:24
79,114,2018-02-19 19:08:18
98,127,2017-11-27 20:03:55
70,145,2016-09-25 15:11:42
54,57,2017-09-15 02:46:53
72,254,2016-09-28 04:46:40
5,164,2016-06-18 17:27:31
65,215,2017-05-23 11:20:38
32,38,2017-06-07 05:03:40
17,175,2017-08-27 21:45:35
29,149,2017-11-18 12:27:12
14,249,2016-11-24 11:05:35
21,145,2016-06-30 04:19:04
60,136,2017-01-14 04:41:10
33,119,2016-10-24 08:14:57
6,165,2017-04-11 04:33:49
38,234,2017-01-01 04:44:27
5,20,2016-08-20 15:28:00
17,31,2016-09-23 02:49:48
76,80,2016-06-20 17:37:52
54,178,2017-08-16 01:32:52
14,105,2016-12-19 03:55:31
21,1,2016-07-04 18:41:42
85,165,2018-01-29 02:09:28
5,56,2017-09-24 04:19:47
23,190,2017-02-15 01:34:32
14,141,2016-08-07 10:58:57
15,106,2018-04-15 00:22:26
54,34,2016-09-07 04:30:25
14,226,2018-02-07 07:28:42
21,122,2018-01-23 07:16:57
54,70,2016-12-07 12:47:56
95,71,2016-06-30 03:18:18
100,186,2016-10-28 10:05:56
5,177,2018-01-15 12:39:51
86,251,2017-05-27 05:50:44
17,8,2017-10-26 22:19:01
2,108,2017-02-03 18:22:59
21,158,2018-01-05 02:29:17
81,172,2016-09-10 21:02:57
54,155,2016-06-15 19:15:15
93,146,2017-01-09 06:58:26
79,248,2017-03-16 06:15:14
100,42,2017-12-03 00:09:27
5,33,2016-09-10 07:47:31
71,244,2017-10-30 17:17:01
97,116,2017-06-11 21:27:31
76,93,2016-12-07 16:00:27
75,214,2018-04-21 03:54:27
21,243,2016-12-03 12:55:07
14,118,2017-06-24 15:26:26
54,191,2017-01-06 18:43:23
21,14,2017-01-20 14:50:22
79,104,2016-09-24 11:26:33
17,129,2016-10-05 16:57:46
50,77,2016-09-21 18:55:21
83,74,2016-10-18 18:03:07
88,189,2017-06-05 10:29:44
54,47,2017-12-23 01:28:42
45,227,2016-08-24 11:56:46
5,154,2017-10-19 04:12:47
64,240,2017-06-30 10:19:33
97,237,2017-09-11 21:51:34
51,41,2017-04-16 16:09:50
14,239,2017-01-18 20:10:02
35,33,2017-07-23 10:34:48
21,135,2017-08-13 06:52:24
41,113,2016-08-11 17:19:07
5,10,2018-04-27 13:22:41
30,183,2016-12-01 00:27:55
68,66,2018-04-22 17:54:01
54,168,2018-04-20 03:49:45
14,95,2017-07-11 15:56:57
67,107,2017-11-18 23:58:37
85,155,2018-04-24 03:05:41
70,112,2016-10-01 05:13:11
21,256,2017-07-10 14:35:10
88,166,2018-01-26 03:42:12
54,24,2016-11-20 02:21:21
5,131,2017-06-08 07:14:54
65,182,2017-05-13 07:17:28
68,187,2018-01-31 14:43:10
29,116,2016-10-04 08:28:42
14,216,2017-08-09 18:10:19
21,112,2017-03-13 21:11:13
87,57,2018-01-29 09:56:19
67,228,2018-03-22 14:34:19
5,167,2017-05-31 17:19:27
92,172,2018-04-14 21:57:38
25,82,2017-07-20 17:38:28
64,73,2017-11-06 10:09:14
56,69,2016-10-29 16:33:09
81,162,2016-09-19 04:26:55
54,145,2017-02-12 17:48:58
14,72,2017-10-23 08:24:14
5,252,2018-03-06 04:54:03
39,165,2016-07-01 03:37:35
5,23,2016-07-25 02:29:02
71,234,2017-10-24 00:58:26
78,93,2016-12-01 13:55:52
21,233,2018-02-10 11:54:14
14,108,2016-11-04 11:01:22
15,73,2018-02-27 22:41:28
21,4,2016-09-07 02:47:09
42,27,2018-04-08 18:55:50
69,44,2017-10-18 16:58:02
54,1,2016-12-24 10:41:17
52,220,2018-04-09 18:07:40
45,181,2017-10-16 18:22:44
64,194,2017-02-23 19:44:58
63,86,2017-05-18 19:40:48
77,133,2017-12-12 00:38:36
68,164,2016-07-03 15:40:14
14,193,2016-09-30 13:58:03
21,89,2017-09-04 11:27:09
54,37,2017-06-21 16:06:46
60,80,2017-09-14 01:18:36
5,144,2016-07-04 06:26:22
66,11,2017-12-23 11:02:00
98,192,2016-11-16 17:53:39
24,14,2017-08-16 04:53:47
84,65,2017-04-16 14:09:57
14,229,2017-10-13 03:58:56
21,125,2018-01-04 17:51:37
62,126,2018-04-07 20:09:45
61,161,2017-12-05 20:50:00
54,122,2017-09-25 17:19:38
53,77,2017-12-28 05:41:27
79,215,2017-11-01 02:01:45
46,38,2017-07-06 09:35:23
31,138,2017-10-20 21:31:09
82,220,2017-06-22 22:27:43
97,83,2018-04-24 12:50:37
3,76,2017-03-19 11:40:06
77,25,2016-08-02 01:01:29
75,181,2018-01-26 01:38:33
21,210,2016-10-10 13:20:26
14,85,2017-05-24 21:15:41
54,158,2016-06-28 22:45:40
15,50,2017-05-16 13:51:22
66,132,2016-09-08 15:35:18
24,135,2017-05-20 13:00:40
71,67,2017-07-27 12:47:21
29,250,2016-07-28 08:53:31
50,44,2017-02-09 08:32:32
21,246,2018-03-26 11:21:47
54,14,2018-01-28 03:05:33
34,185,2016-08-07 11:06:05
5,121,2016-09-26 12:17:29
38,155,2016-11-21 00:43:03
97,204,2017-12-04 11:52:24
14,206,2016-07-09 16:46:52
75,73,2018-04-05 15:22:54
21,102,2018-01-03 18:44:30
1,7,2017-08-06 09:42:26
90,201,2016-06-21 17:06:04
10,92,2018-01-24 00:48:34
42,161,2017-04-21 13:45:10
57,24,2018-01-06 14:12:37
77,2,2017-04-27 20:50:43
7,203,2016-09-09 17:46:50
54,135,2016-09-11 07:29:48
14,62,2017-05-11 18:05:07
59,250,2017-10-28 12:21:44
20,142,2016-11-18 22:23:06
5,242,2017-04-03 13:13:42
5,13,2017-08-21 07:20:44
92,18,2017-10-22 23:08:08
79,48,2016-08-17 19:30:32
58,25,2017-01-06 10:27:44
84,163,2017-02-27 01:43:50
21,223,2017-04-01 20:52:52
47,95,2017-07-17 08:13:27
34,162,2018-03-02 03:20:53
13,139,2018-01-14 03:26:56
72,188,2018-01-28 12:15:50
19,33,2017-03-07 02:26:57
5,98,2018-01-02 19:20:07
54,256,2017-09-30 15:33:01
14,183,2017-01-01 12:38:43
21,79,2016-08-18 23:43:18
5,134,2017-04-06 18:22:24
33,53,2017-04-04 15:45:42
38,168,2018-04-11 19:39:32
78,204,2017-04-17 07:17:04
36,207,2017-07-30 14:38:50
54,112,2017-02-13 22:45:15
14,39,2017-11-10 16:30:05
1,20,2018-04-19 19:56:10
90,214,2016-12-02 00:40:38
37,59,2018-03-05 18:47:42
21,200,2016-12-09 21:00:08
14,75,2017-10-25 07:45:12
1,105,2018-04-08 17:00:49
5,255,2017-03-02 23:13:34
62,237,2017-11-28 22:22:13
83,31,2017-08-19 20:36:42
54,233,2018-03-04 02:10:48
48,73,2017-11-17 07:18:19
21,56,2017-06-09 16:50:19
54,4,2016-10-30 08:45:06
39,253,2016-11-02 10:55:57
5,111,2017-08-20 14:56:13
32,214,2017-04-23 02:20:44
89,190,2018-03-12 07:24:40
14,196,2017-07-28 09:43:07
21,92,2017-03-21 23:31:18
67,208,2016-11-12 09:20:12
13,237,2018-02-06 08:35:50
25,62,2017-07-21 08:40:58
39,109,2016-09-25 05:27:35
46,5,2016-12-14 01:00:31
90,191,2017-02-07 11:18:23
83,152,2017-09-19 17:40:20
54,125,2017-12-26 15:52:44
14,52,2017-08-07 23:33:13
5,232,2016-07-08 07:21:15
84,153,2016-11-11 09:55:44
21,213,2016-10-18 01:03:39
87,158,2017-02-20 10:06:48
5,88,2018-04-06 20:03:02
92,93,2016-11-28 23:27:28
56,170,2016-07-14 17:41:20
49,131,2016-06-21 02:00:51
83,44,2016-08-25 11:25:44
62,250,2018-02-07 10:50:56
54,246,2016-08-05 14:49:07
14,173,2017-06-08 23:56:10
21,69,2016-09-01 14:27:01
67,185,2016-10-22 08:35:38
26,147,2016-09-23 20:47:18
33,43,2017-10-26 04:23:32
50,132,2017-11-17 21:07:56
10,59,2017-11-20 09:10:04
36,197,2017-10-22 03:17:09
88,244,2017-01-30 21:50:19
81,119,2016-10-04 11:24:39
54,102,2017-05-04 21:16:28
14,29,2017-07-05 08:35:24
47,206,2017-08-08 07:56:14
60,145,2016-10-26 03:53:20
5,209,2016-11-27 07:47:43
66,76,2017-03-09 16:00:02
39,122,2017-07-24 09:15:32
16,255,2018-01-25 02:02:10
21,190,2017-10-16 19:25:22
87,135,2017-06-19 04:06:46
7,26,2017-04-21 19:52:11
99,109,2017-08-08 17:17:20
5,65,2018-05-01 08:58:09
8,256,2017-03-12 05:16:33
54,223,2017-06-07 17:18:08
14,150,2017-06-12 11:13:12
21,46,2016-06-22 23:29:53
5,101,2018-02-11 01:16:02
6,66,2018-04-10 01:59:26
14,186,2018-04-19 08:43:34
54,79,2017-02-15 20:07:27
18,156,2017-06-29 11:15:36
29,171,2018-03-17 13:12:40
89,36,2016-10-03 19:28:31
21,167,2017-01-29 16:06:26
14,42,2017-07-03 00:17:11
54,115,2017-07-08 09:18:13
94,151,2017-04-05 03:17:09
60,158,2017-01-28 10:49:43
5,222,2017-01-02 05:50:01
84,143,2017-08-24 22:59:12
21,203,2017-04-21 23:27:46
8,233,2017-07-22 01:14:00
54,200,2017-03-08 02:54:58
100,87,2017-10-17 17:09:06
5,78,2017-07-28 12:06:50
38,112,2017-08-07 03:39:19
2,189,2016-11-12 09:30:05
63,56,2017-11-01 02:24:58
54,236,2017-05-27 15:19:24
14,163,2018-02-07 19:56:31
21,59,2017-05-01 16:30:09
62,60,2016-06-29 01:53:48
26,137,2018-03-19 23:21:34
43,226,2016-12-06 22:56:35
22,23,2017-08-29 23:20:30
54,92,2016-10-18 00:06:43
14,19,2017-07-16 07:17:04
5,199,2018-03-06 11:07:28
85,79,2017-04-18 20:57:52
32,73,2016-08-24 04:02:06
83,155,2016-11-09 09:05:16
75,151,2017-11-11 23:38:09
21,180,2016-10-12 21:37:38
36,43,2017-07-26 11:37:44
40,193,2017-09-06 17:25:00
72,145,2016-10-15 09:29:27
85,164,2016-11-25 21:35:28
5,55,2017-05-02 10:15:35
64,141,2016-12-21 03:04:22
82,46,2017-07-30 13:23:02
83,11,2016-12-04 14:19:36
8,246,2017-06-22 20:46:02
54,213,2017-01-16 00:45:17
14,140,2016-06-24 20:20:07
48,53,2018-03-25 22:16:56
21,36,2018-03-04 08:19:37
61,72,2016-08-31 16:50:10
74,191,2016-12-21 09:31:52
39,233,2016-11-20 01:48:45
92,96,2017-07-16 22:30:03
31,229,2017-08-14 21:51:34
24,190,2017-02-22 05:26:02
98,139,2016-08-31 13:23:44
72,1,2016-11-22 20:39:09
97,174,2016-09-29 00:30:50
90,135,2017-11-21 15:50:37
54,69,2017-09-08 17:59:29
20,76,2016-09-30 08:10:23
5,176,2016-12-26 06:56:15
67,8,2017-02-28 10:29:03
85,56,2017-10-20 13:54:39
49,219,2016-10-12 15:42:12
83,132,2016-12-29 21:50:54
82,167,2017-01-07 10:18:09
21,157,2018-04-25 06:53:40
14,32,2017-08-03 06:34:01
26,235,2017-07-24 05:18:49
88,67,2016-06-30 10:33:56
5,212,2017-02-24 08:34:25
92,217,2018-02-23 16:25:10
100,221,2017-02-10 13:27:29
25,127,2018-01-18 23:33:54
59,40,2017-09-13 03:07:17
38,246,2016-06-11 17:04:17
54,190,2016-10-15 11:46:08
14,117,2017-07-13 07:43:35
21,13,2017-06-28 15:24:41
25,163,2018-02-02 09:19:44
45,141,2016-08-14 03:28:08
5,68,2017-12-23 02:08:20
14,153,2016-07-24 12:07:08
21,49,2017-01-27 17:08:46
54,46,2017-05-29 22:04:38
12,229,2018-04-18 21:46:51
72,243,2016-07-17 00:11:42
9,160,2017-02-15 18:22:11
14,238,2018-02-25 13:52:10
21,134,2017-04-06 14:22:13
14,9,2018-04-19 13:30:14
54,82,2016-10-14 20:22:22
74,60,2016-07-13 21:08:05
5,189,2016-12-01 09:28:36
66,56,2016-11-21 18:20:27
52,121,2017-10-18 12:20:56
49,232,2017-09-23 04:48:10
24,59,2016-08-31 11:33:11
42,193,2017-11-26 15:45:44
21,170,2016-10-24 09:28:51
54,167,2016-09-28 11:24:20
5,45,2016-07-16 04:39:20
38,79,2017-10-25 10:13:51
51,161,2017-06-05 15:39:32
63,23,2017-03-17 09:35:00
43,157,2018-02-18 09:36:11
9,52,2017-11-12 11:23:46
21,255,2017-08-21 06:00:24
14,130,2017-04-20 17:53:12
54,203,2016-11-02 20:13:53
21,26,2018-04-05 23:10:47
12,206,2017-08-25 01:56:15
93,14,2016-12-11 05:24:40
47,163,2016-07-26 08:22:08
54,59,2016-12-05 01:18:20
99,210,2017-09-25 09:28:28
5,166,2016-11-15 17:00:28
50,174,2017-08-21 04:13:27
14,251,2017-10-20 01:29:06
21,147,2017-08-27 12:58:49
27,190,2017-12-27 17:39:56
59,30,2017-09-12 17:56:56
5,22,2016-09-24 05:23:25
30,195,2016-10-05 12:43:43
90,246,2016-09-04 07:25:03
54,180,2017-03-18 06:34:38
14,107,2016-11-20 18:31:21
15,72,2017-03-07 20:30:25
21,3,2018-04-11 21:19:25
11,218,2017-01-04 21:14:46
5,58,2016-06-05 19:09:05
3,134,2018-01-06 06:34:27
49,101,2017-08-01 02:47:50
35,166,2017-02-08 18:08:08
41,246,2018-04-25 03:26:00
62,40,2017-05-03 00:56:42
54,36,2017-03-19 04:26:29
73,49,2017-07-09 13:36:03
44,251,2018-01-26 03:51:42
93,27,2017-04-28 05:35:55
5,143,2016-06-30 02:57:05
39,56,2017-09-15 17:28:15
32,17,2017-09-08 22:52:39
36,167,2017-03-03 21:38:03
14,228,2018-04-05 00:12:40
21,124,2017-05-04 01:35:47
100,188,2018-04-03 22:39:34
87,69,2017-09-07 11:49:47
5,179,2018-01-04 04:42:30
12,75,2017-01-03 01:46:20
78,20,2018-03-22 10:18:07
64,85,2017-04-27 02:01:19
36,252,2016-08-12 19:55:16
76,59,2018-02-07 13:53:09
62,161,2016-09-03 14:31:19
54,157,2017-02-17 06:28:52
14,84,2017-02-01 14:31:26
100,44,2016-08-31 00:44:48
5,35,2016-12-31 05:55:56
71,246,2017-07-03 14:39:02
57,82,2017-03-19 23:33:45
98,83,2018-04-01 05:36:42
21,245,2016-10-02 10:52:11
14,120,2017-10-16 15:44:30
21,16,2017-04-14 21:58:23
62,17,2016-10-13 13:04:20
54,13,2018-04-13 03:29:57
4,192,2017-06-12 18:39:54
45,193,2016-12-22 17:49:35
36,144,2017-08-31 14:07:47
76,180,2017-10-01 09:46:30
87,226,2017-12-29 21:51:27
8,82,2017-08-08 03:17:05
21,101,2017-08-07 13:24:25
54,49,2018-02-19 06:47:06
100,165,2017-08-19 22:57:45
45,229,2017-08-11 03:23:02
5,156,2016-07-12 18:41:24
37,225,2017-05-16 16:52:35
49,199,2018-04-24 08:09:50
84,77,2018-03-26 05:38:45
16,22,2017-10-21 19:11:51
14,241,2018-03-07 23:33:53
21,137,2017-11-20 03:03:26
26,215,2017-03-25 17:02:50
27,180,2017-08-22 02:52:58
33,111,2017-10-03 10:56:13
18,211,2016-10-31 04:39:09
93,125,2017-04-04 09:03:11
5,12,2017-11-18 15:34:23
31,150,2017-03-30 20:41:59
90,236,2016-07-19 20:03:39
54,170,2016-08-18 01:38:30
14,97,2017-11-08 03:55:07
20,177,2017-11-05 15:28:14
66,144,2017-07-28 03:26:24
19,32,2017-09-19 20:41:51
23,182,2017-02-15 12:56:30
54,26,2017-02-16 21:19:11
34,197,2016-08-23 18:19:47
5,133,2016-06-17 04:08:53
57,180,2018-04-09 16:51:10
83,89,2016-12-01 06:38:02
14,218,2017-07-08 01:38:52
21,114,2016-08-25 15:09:18
81,128,2017-04-01 11:25:49
60,105,2018-01-23 16:33:57
92,174,2018-04-18 16:22:55
10,104,2018-03-01 09:39:03
8,180,2017-05-16 06:48:55
54,147,2017-01-03 06:44:19
14,74,2016-08-20 21:59:34
74,125,2017-02-21 03:52:16
5,254,2017-08-19 19:27:21
5,25,2016-06-19 00:12:46
92,30,2017-07-10 04:14:53
91,214,2016-06-14 06:15:09
38,59,2018-04-03 17:22:17
75,206,2017-09-15 14:44:56
21,235,2018-04-05 21:54:50
36,98,2017-10-12 11:01:28
95,184,2018-02-24 22:27:17
54,3,2017-06-05 14:22:53
6,255,2017-04-06 03:11:26
18,80,2016-10-07 04:55:09
5,110,2016-06-15 06:56:48
39,23,2016-09-23 00:34:42
17,121,2016-12-10 00:58:34
3,186,2017-01-01 17:31:00
36,134,2018-03-27 05:17:05
14,195,2018-03-28 08:48:10
21,91,2017-08-21 22:47:38
26,169,2017-12-04 06:57:03
100,155,2016-08-28 10:57:21
5,146,2017-09-18 05:23:40
44,74,2017-09-29 15:21:36
58,158,2016-06-23 04:14:24
14,231,2016-11-18 05:32:58
42,150,2017-08-30 17:39:36
68,22,2017-09-26 00:42:52
54,124,2017-09-04 21:18:26
18,201,2017-02-04 07:19:49
99,46,2017-03-29 20:43:56
5,2,2017-07-07 01:51:14
32,105,2017-05-08 00:17:12
63,209,2016-09-14 22:57:09
21,212,2017-08-17 15:08:04
14,87,2017-10-21 21:04:06
54,160,2018-02-01 20:10:53
64,173,2017-03-25 01:20:51
21,248,2017-10-13 14:33:06
62,249,2017-10-11 18:41:26
22,176,2018-01-27 22:15:49
54,245,2018-04-26 17:45:50
48,85,2017-01-24 02:12:36
54,16,2017-11-23 00:41:32
5,123,2017-08-07 20:59:10
92,128,2017-04-20 20:08:36
58,135,2016-08-05 09:45:07
22,212,2018-03-26 15:11:15
69,144,2017-09-28 04:15:27
14,208,2017-10-20 22:40:18
21,104,2018-03-24 12:37:31
88,14,2017-09-03 15:52:57
98,207,2016-06-22 05:52:26
85,88,2017-03-22 06:59:52
28,228,2017-09-24 12:31:08
54,137,2017-08-23 08:27:02
14,64,2017-11-02 07:59:56
94,173,2018-01-23 12:20:53
5,244,2018-02-07 23:55:08
92,20,2017-09-23 04:46:31
51,131,2017-03-28 14:12:46
97,98,2017-08-01 23:45:24
75,196,2017-06-04 17:11:48
21,225,2016-11-13 22:38:26
87,170,2016-12-30 10:17:02
81,10,2016-08-28 17:34:53
5,100,2016-10-11 06:18:33
65,151,2016-12-22 05:41:28
71,82,2018-02-11 17:55:11
91,60,2016-09-12 15:08:43
3,176,2017-10-19 11:03:20
9,107,2017-01-27 07:37:30
83,56,2017-12-23 01:42:46
14,185,2016-06-19 13:03:46
21,81,2017-02-23 12:59:58
80,130,2018-04-25 05:46:28
85,245,2016-11-26 18:19:51
46,174,2016-07-03 02:19:04
92,141,2017-05-12 15:40:42
51,252,2016-09-25 22:29:05
54,114,2017-01-19 04:23:38
14,41,2017-12-28 08:09:32
5,221,2017-10-12 09:23:13
11,152,2017-05-15 12:56:02
31,130,2016-07-18 20:16:50
91,181,2017-03-01 05:30:15
21,202,2017-11-10 22:00:05
14,77,2018-04-17 03:47:30
61,9,2016-07-22 15:56:26
87,147,2017-09-12 04:02:19
5,257,2016-09-17 22:13:48
53,154,2018-02-15 03:42:32
72,167,2017-12-28 01:31:41
10,192,2017-11-02 03:50:16
83,33,2016-11-19 22:56:05
54,235,2016-09-29 07:28:40
14,162,2017-06-06 05:43:02
21,58,2017-03-27 16:04:30
100,122,2017-11-01 18:08:45
5,113,2016-09-10 05:37:03
10,48,2018-03-25 13:14:35
14,198,2017-05-09 05:00:58
21,94,2016-10-04 07:21:02
54,91,2017-08-24 15:08:13
78,219,2016-06-07 08:55:54
11,129,2017-09-29 12:25:37
84,119,2017-03-21 18:23:14
48,196,2016-11-23 03:06:11
21,179,2017-02-28 13:33:35
14,54,2017-07-30 13:07:50
54,127,2018-03-07 08:56:11
68,25,2016-11-03 19:17:02
5,234,2017-08-06 08:18:28
6,199,2016-10-20 15:36:46
59,62,2017-07-29 14:54:08
58,246,2017-09-13 18:47:33
84,155,2018-04-30 13:10:18
21,215,2016-07-01 16:06:49
54,212,2016-10-28 00:21:43
73,225,2017-11-12 02:32:00
93,203,2016-08-26 12:19:02
5,90,2017-04-19 14:37:25
84,11,2016-11-16 15:48:14
54,248,2016-08-02 14:19:06
14,175,2016-07-08 23:21:18
95,249,2016-11-02 20:55:08
21,71,2016-07-30 22:59:46
93,59,2018-04-08 18:55:28
37,15,2017-03-30 15:15:59
62,108,2017-07-17 20:09:22
54,104,2017-04-08 11:25:16
14,31,2017-05-19 00:17:15
74,82,2017-03-14 19:12:58
5,211,2018-02-16 05:20:49
52,143,2017-07-19 16:14:42
71,193,2018-03-22 07:28:07
13,72,2017-12-10 22:43:56
24,81,2018-02-24 23:44:23
84,132,2017-08-27 12:34:12
89,61,2018-03-27 14:43:39
21,192,2016-12-20 10:58:42
100,76,2016-08-26 01:20:45
5,67,2017-12-03 12:10:42
54,225,2017-07-05 04:35:15
14,152,2017-11-15 19:41:22
21,48,2017-03-18 07:46:54
66,199,2016-09-04 18:37:45
5,103,2017-12-18 11:22:07
18,122,2017-11-16 12:24:17
38,137,2018-03-13 05:49:35
25,18,2016-06-24 01:00:55
64,9,2017-12-05 21:34:20
88,223,2017-02-20 08:47:12
8,114,2017-04-08 15:23:30
54,81,2017-10-31 04:01:15
14,8,2016-08-01 13:34:47
74,59,2017-02-21 22:49:40
5,188,2017-11-02 12:54:21
66,55,2016-10-05 01:44:16
17,199,2018-03-29 04:32:31
57,6,2017-09-03 10:50:54
3,35,2018-01-08 00:11:23
21,169,2017-09-08 12:20:30
14,44,2017-01-28 21:10:30
55,45,2018-01-01 22:51:19
5,224,2018-04-13 19:24:59
68,100,2018-01-31 08:30:49
54,202,2017-05-25 10:53:36
14,129,2017-03-19 20:51:13
81,219,2018-04-20 05:05:46
21,25,2017-06-22 18:55:13
27,248,2017-02-09 03:49:52
1,110,2017-05-02 18:48:12
12,205,2018-01-18 07:00:38
5,80,2017-06-05 16:32:27
32,183,2016-09-09 05:20:09
23,214,2017-08-10 15:00:08
35,188,2016-08-23 03:21:31
69,101,2016-08-03 15:28:10
14,165,2016-10-12 17:20:23
84,1,2017-01-06 16:14:39
21,61,2016-08-19 13:26:44
54,58,2018-04-25 19:09:37
53,13,2017-07-18 21:25:01
70,182,2017-12-25 18:53:39
98,164,2017-07-10 09:36:02
30,109,2018-01-20 18:09:42
37,5,2018-03-14 15:24:58
36,189,2017-08-25 17:49:25
88,236,2017-08-01 05:55:44
21,146,2016-10-26 18:24:54
14,21,2016-10-09 17:38:59
54,94,2017-09-12 04:42:38
41,124,2017-11-08 19:15:55
5,201,2016-09-29 07:44:31
6,166,2017-09-10 17:14:03
86,46,2016-07-04 05:42:37
4,93,2017-12-25 13:26:49
32,75,2016-09-30 21:54:12
21,182,2017-07-24 04:01:01
99,101,2016-10-02 13:27:22
5,57,2018-01-07 10:32:37
58,69,2016-07-12 19:02:01
68,113,2016-11-04 04:17:12
54,215,2017-06-16 11:06:07
14,142,2017-06-19 11:02:28
21,38,2017-03-29 17:41:31
19,77,2016-06-29 05:12:06
39,55,2016-10-24 21:28:03
16,188,2017-08-06 01:46:16
10,28,2017-04-09 10:19:16
95,252,2017-01-07 06:39:56
8,104,2017-10-14 00:04:33
54,71,2016-10-04 19:56:06
5,178,2017-05-24 02:27:35
38,212,2016-07-16 15:12:12
58,190,2017-10-06 20:51:52
21,159,2017-04-14 20:35:55
88,69,2017-09-07 12:17:59
4,106,2017-06-22 17:18:09
44,142,2018-02-11 04:50:07
5,34,2016-10-20 18:22:40
79,20,2018-03-14 16:46:55
82,254,2017-09-04 16:21:01
54,192,2016-10-31 11:50:26
14,119,2016-08-31 22:44:49
73,205,2018-04-12 22:42:15
21,15,2017-07-25 14:05:55
34,134,2017-01-25 14:23:45
5,70,2017-05-14 19:41:49
23,204,2016-07-17 16:07:57
58,82,2017-03-12 23:31:01
49,113,2016-08-30 06:01:47
54,48,2016-06-26 20:49:32
20,55,2018-03-08 11:14:41
5,155,2017-12-27 23:29:22
28,175,2016-10-05 23:26:39
68,211,2017-12-25 03:06:01
14,240,2016-12-15 22:31:34
21,136,2017-12-07 21:00:09
14,11,2016-07-25 20:45:43
5,191,2017-11-17 06:53:44
32,65,2017-10-01 18:18:01
45,84,2016-06-20 04:22:45
65,62,2018-04-06 19:21:51
90,6,2016-12-02 00:41:26
17,22,2017-03-09 07:29:35
54,169,2017-02-07 21:06:03
47,44,2017-08-29 03:04:54
26,250,2017-11-29 22:05:41
27,215,2017-04-25 14:37:44
5,47,2018-01-25 01:38:16
35,155,2017-10-17 00:50:49
21,257,2017-05-15 15:54:40
14,132,2016-12-02 15:06:26
54,205,2016-06-25 19:13:13
21,28,2017-04-21 13:54:30
12,208,2017-02-19 03:18:50
59,140,2016-09-26 03:36:59
74,3,2017-12-07 06:07:20
64,218,2017-03-20 05:14:38
98,131,2016-12-05 09:18:16
89,162,2016-08-31 05:36:54
10,18,2017-04-11 14:49:42
35,191,2018-04-26 06:09:36
91,92,2016-07-31 22:22:20
48,130,2017-04-30 06:36:24
54,61,2016-06-28 02:07:47
95,62,2017-04-02 14:11:50
5,168,2016-09-10 11:39:08
57,215,2016-10-24 15:01:49
77,193,2017-04-28 09:23:27
29,153,2017-06-20 04:24:15
14,253,2016-07-24 07:22:29
21,149,2017-02-01 21:44:10
41,127,2018-01-22 08:36:37
26,227,2017-10-18 18:31:06
99,68,2017-10-30 14:01:09
5,24,2016-09-26 09:48:16
30,197,2016-08-02 11:35:24
63,231,2017-09-19 20:08:18
2,135,2017-07-22 02:22:59
54,182,2017-10-09 01:03:08
14,109,2017-07-23 23:03:59
21,5,2017-01-26 00:40:40
12,185,2017-03-03 20:10:23
31,198,2018-01-22 03:41:45
84,210,2017-02-08 20:11:46
50,68,2018-03-30 04:34:18
1,175,2017-04-08 20:41:21
54,38,2017-07-22 16:14:15
34,209,2016-08-25 23:08:55
5,145,2017-10-26 07:24:27
17,156,2016-10-24 13:35:29
3,221,2017-12-06 06:07:24
29,130,2017-02-07 19:34:15
14,230,2017-08-08 20:12:44
35,24,2017-09-06 01:31:17
21,126,2016-06-02 16:55:02
95,75,2018-02-26 10:31:52
5,1,2018-03-31 06:05:39
16,47,2016-06-01 02:11:27
2,112,2017-10-07 09:57:02
28,21,2018-02-03 09:08:04
54,159,2018-04-28 13:50:27
14,86,2017-05-26 23:01:04
88,72,2017-01-04 21:18:17
5,37,2017-11-05 10:14:32
21,247,2016-07-17 05:52:37
54,15,2017-11-29 20:30:04
72,212,2016-08-11 10:56:45
14,207,2016-08-31 14:23:33
21,103,2016-10-04 05:05:04
5,158,2017-12-22 10:10:29
53,55,2017-08-17 07:40:36
24,28,2018-02-16 18:22:47
14,243,2017-04-22 12:28:29
21,139,2018-03-13 09:30:57
54,136,2017-09-07 09:56:24
98,242,2017-02-07 11:42:37
5,14,2017-05-16 07:40:06
85,123,2017-09-14 21:49:39
91,203,2017-05-03 00:34:40
56,96,2016-10-15 23:32:10
57,61,2016-06-03 22:09:54
3,90,2017-10-01 00:09:20
76,74,2016-06-10 06:19:05
21,224,2017-07-29 20:14:08
14,99,2017-10-14 14:18:03
54,172,2017-12-04 02:57:16
40,237,2018-03-27 23:42:42
7,60,2016-08-19 19:36:41
79,85,2016-07-02 16:12:30
24,149,2018-04-20 04:29:36
91,59,2017-05-28 13:42:12
96,174,2018-02-06 13:01:59
54,257,2017-07-02 06:27:04
8,61,2016-06-09 04:32:33
54,28,2017-09-17 13:29:19
40,93,2016-12-15 16:11:11
5,135,2016-06-10 08:03:55
64,221,2016-06-21 10:14:08
52,67,2018-04-28 13:01:40
14,220,2016-12-14 03:16:32
21,116,2018-02-19 22:45:51
87,61,2017-04-07 08:03:06
73,126,2017-01-26 17:58:44
6,136,2017-06-07 01:20:22
52,103,2017-03-15 17:56:37
30,164,2018-02-11 07:36:45
58,3,2016-06-08 07:08:21
7,217,2018-03-16 14:25:15
54,149,2016-09-22 10:05:52
14,76,2018-01-04 18:12:58
5,256,2017-10-19 06:12:24
26,50,2017-12-18 07:03:17
75,208,2018-04-07 20:35:48
21,237,2018-04-20 21:57:12
42,31,2017-12-31 06:23:26
28,96,2016-08-06 21:24:51
54,5,2016-10-10 02:22:06
93,225,2016-10-09 09:27:09
19,47,2018-01-05 08:17:59
5,112,2017-11-18 09:59:16
46,150,2016-12-14 00:50:30
14,197,2018-04-26 19:24:13
21,93,2018-02-20 09:12:30
100,157,2018-04-29 20:23:35
5,148,2017-09-08 00:04:16
6,113,2017-08-12 23:20:12
89,227,2018-04-21 23:40:00
56,50,2016-07-24 11:45:36
54,126,2017-08-17 14:48:50
14,53,2017-03-08 04:25:53
100,242,2018-04-28 18:52:13
5,233,2017-09-21 18:02:35
5,4,2017-06-06 18:49:57
71,215,2016-07-15 08:10:31
21,214,2016-07-19 10:07:09
14,89,2017-08-05 19:23:04
26,63,2017-09-03 11:30:50
10,204,2016-06-06 14:16:01
30,33,2016-12-17 12:11:10
91,49,2016-08-23 20:49:09
54,247,2016-06-26 08:12:53
14,174,2017-08-08 02:42:37
47,122,2017-02-11 07:10:05
21,70,2016-11-16 11:59:12
54,18,2017-04-15 02:17:17
94,54,2018-03-04 22:45:58
88,160,2016-09-08 01:00:53
60,61,2017-10-05 15:43:36
5,125,2016-06-25 21:34:24
84,46,2018-03-04 12:10:17
14,210,2017-02-12 08:59:54
21,106,2016-09-19 17:14:32
62,107,2017-01-31 12:24:29
7,171,2016-07-26 12:08:44
22,34,2017-11-15 08:37:10
54,103,2016-08-14 21:50:38
88,16,2018-02-25 15:57:58
93,94,2016-09-06 22:46:05
99,25,2017-09-01 21:04:42
71,192,2016-10-06 03:06:51
23,115,2016-08-02 01:12:50
97,64,2017-06-22 11:24:22
48,208,2016-08-06 04:38:36
21,191,2016-08-03 16:05:23
14,66,2016-07-27 10:58:34
54,139,2018-02-16 22:47:55
74,117,2017-08-17 02:23:43
5,246,2016-09-13 02:01:52
6,211,2017-12-25 01:54:02
92,251,2017-03-29 13:53:18
11,177,2017-07-17 03:29:20
31,155,2018-02-23 14:58:04
27,5,2017-01-25 21:49:47
71,48,2018-04-07 22:43:09
29,231,2016-06-11 16:30:29
21,227,2017-06-29 16:54:04
25,197,2017-08-13 22:34:52
5,102,2018-02-25 03:41:14
58,114,2017-05-14 23:41:57
22,191,2018-04-23 00:56:44
68,158,2017-09-08 18:49:52
14,187,2017-05-03 21:24:05
21,83,2016-12-15 03:55:56
95,32,2016-09-14 00:26:50
41,61,2018-01-31 02:27:33
51,254,2018-01-29 07:02:57
16,233,2018-01-08 04:35:12
10,73,2018-03-15 18:31:42
16,4,2017-02-18 12:56:21
54,116,2017-08-06 17:31:37
14,43,2018-02-26 16:11:17
5,223,2016-12-08 08:51:10
92,228,2016-10-19 01:36:16
67,55,2016-08-01 04:38:55
38,28,2017-04-16 21:16:54
79,29,2017-08-21 18:40:56
58,6,2018-03-30 13:01:30
69,244,2017-04-15 21:15:02
90,38,2017-12-07 05:18:07
21,204,2016-10-29 17:05:41
94,188,2017-04-13 21:57:59
96,118,2017-05-18 10:35:50
27,247,2017-06-13 00:17:39
8,5,2017-11-13 21:21:05
48,41,2018-04-05 05:15:53
52,191,2016-07-29 08:38:34
59,87,2017-11-02 20:22:08
44,187,2016-07-26 15:22:00
5,79,2017-05-19 07:06:52
11,10,2016-12-23 23:19:18
22,168,2016-12-24 02:29:25
28,99,2017-05-16 06:53:39
54,237,2018-04-15 17:19:14
14,164,2017-09-22 21:50:12
21,60,2017-05-06 21:03:33
60,51,2018-01-01 12:13:15
5,115,2018-02-21 10:54:33
4,236,2017-08-03 11:57:52
49,158,2016-11-14 03:49:02
47,197,2017-09-09 01:32:10
8,126,2017-10-21 07:59:17
54,93,2016-06-04 23:15:24
14,20,2017-01-15 08:23:02
73,106,2017-09-21 22:42:58
74,71,2017-01-05 08:42:08
18,170,2017-10-06 12:04:12
34,35,2017-06-20 07:28:31
5,200,2017-07-15 06:42:29
65,251,2016-06-07 13:12:35
12,96,2016-06-11 02:41:04
37,40,2017-06-02 01:05:34
82,191,2017-12-21 04:11:38
28,220,2016-10-24 10:34:46
21,181,2017-08-25 07:04:40
14,56,2018-03-09 21:19:27
41,159,2017-06-04 01:35:54
5,236,2016-07-01 07:14:59
26,30,2016-12-20 10:20:37
90,51,2016-11-26 07:58:17
91,16,2017-02-24 06:20:43
54,214,2017-05-14 20:11:20
47,89,2017-02-07 06:30:01
21,37,2016-12-18 00:46:57
45,165,2016-11-28 09:31:53
5,92,2016-09-12 00:45:51
54,250,2018-04-25 04:59:48
14,177,2017-06-24 23:50:35
69,113,2016-09-22 12:19:12
21,73,2017-01-02 11:06:26
95,22,2017-09-11 08:44:36
7,138,2017-06-14 13:33:24
41,51,2018-04-08 06:14:20
54,106,2017-11-22 22:41:24
14,33,2017-08-19 02:22:49
99,257,2016-09-30 05:15:31
5,213,2016-10-12 06:54:16
12,109,2016-12-14 19:23:23
16,79,2017-06-23 13:37:34
17,44,2017-04-22 21:49:44
21,194,2017-08-14 23:09:40
61,230,2017-02-06 01:40:54
81,208,2018-02-21 21:23:01
48,31,2016-12-11 19:29:44
45,142,2017-03-29 05:24:32
5,69,2017-05-02 08:59:57
92,74,2016-07-25 22:55:04
54,227,2017-03-14 04:36:15
14,154,2017-11-03 21:15:56
21,50,2017-10-14 07:37:05
7,115,2016-08-23 17:08:11
26,128,2018-04-11 22:23:14
84,255,2016-08-06 06:05:45
54,83,2017-11-03 14:07:51
14,10,2018-03-23 18:32:16
74,61,2017-06-19 18:09:10
19,125,2017-11-14 16:54:12
5,190,2016-12-01 11:43:02
65,241,2017-06-18 19:07:55
31,99,2017-10-08 18:00:53
84,111,2017-09-29 09:46:11
69,211,2018-01-17 14:35:52
15,240,2018-03-16 21:15:43
21,171,2018-03-28 01:19:57
94,155,2016-12-30 07:59:33
55,47,2016-12-25 16:27:35
72,136,2017-01-27 14:24:51
5,46,2017-01-10 11:08:27
71,28,2017-08-10 13:43:45
16,92,2018-01-07 05:43:25
56,128,2017-06-19 09:16:01
82,37,2017-12-16 03:05:09
54,204,2016-10-16 03:03:33
14,131,2017-03-30 16:11:02
21,27,2017-11-14 12:48:01
41,5,2017-01-22 21:15:41
5,82,2016-07-13 16:56:21
69,103,2017-11-07 22:36:52
55,168,2017-05-11 15:30:50
54,60,2017-09-05 17:01:22
26,141,2017-08-17 14:53:22
53,244,2017-06-12 18:06:53
59,175,2017-04-21 09:56:25
74,38,2017-06-27 00:53:59
27,106,2016-12-01 16:04:52
73,73,2017-01-26 09:40:15
70,184,2018-03-23 02:45:46
71,149,2017-06-03 03:00:02
14,252,2017-03-29 18:16:07
21,148,2017-11-08 19:54:10
14,23,2018-03-22 02:50:44
5,203,2017-03-11 08:17:30
99,67,2016-09-09 04:19:03
79,9,2016-08-13 13:06:56
98,22,2016-07-10 19:52:48
15,253,2016-12-23 12:09:06
21,184,2016-12-19 11:59:14
76,83,2017-02-12 11:01:17
55,60,2018-05-01 09:59:34
54,181,2016-12-13 21:59:31
33,158,2016-10-20 19:46:28
53,136,2017-02-23 00:18:38
45,132,2017-04-03 10:15:42
5,59,2017-05-21 14:42:08
92,64,2017-07-21 21:06:55
46,97,2018-04-03 00:25:58
54,217,2017-09-27 23:48:53
14,144,2017-11-07 05:26:06
21,40,2017-07-13 08:17:09
74,195,2017-01-19 07:38:28
59,152,2017-09-29 08:30:34
52,27,2017-11-11 21:22:19
25,10,2017-12-18 17:03:58
31,53,2017-09-16 12:24:10
87,250,2016-08-27 11:23:55
54,73,2016-12-10 15:36:42
53,257,2017-08-02 07:37:50
5,180,2017-08-24 16:22:58
11,111,2017-12-24 01:05:45
65,231,2017-06-19 05:03:32
72,90,2018-01-13 04:40:22
58,192,2017-04-09 00:21:08
70,17,2017-10-25 23:59:16
43,63,2017-05-30 12:22:21
29,165,2017-01-17 15:15:38
21,161,2017-08-10 14:41:10
87,106,2017-12-03 10:54:34
6,181,2017-04-30 21:22:13
59,44,2016-06-24 20:39:53
85,145,2016-07-03 05:03:56
5,36,2016-11-05 12:01:26
65,87,2018-01-03 22:55:54
91,225,2018-02-08 22:07:50
54,194,2018-01-09 14:13:54
14,121,2017-06-26 07:26:05
21,17,2017-07-06 02:19:10
94,1,2017-11-30 14:04:10
43,184,2016-12-10 17:17:10
49,115,2016-09-20 11:58:21
90,116,2018-01-05 16:26:23
42,76,2018-03-17 11:05:30
54,50,2016-09-04 06:14:28
13,198,2016-09-15 20:07:50
5,157,2016-11-29 01:10:02
12,53,2018-02-08 17:47:23
3,4,2016-06-28 06:47:50
43,40,2016-12-21 02:31:48
14,242,2017-07-01 10:20:00
21,138,2016-12-28 08:29:04
55,14,2017-03-26 19:05:33
5,193,2016-08-11 16:33:13
33,112,2016-07-29 13:25:19
18,212,2017-11-13 00:24:07
98,241,2016-11-23 11:53:50
76,73,2017-07-26 14:14:22
8,204,2016-11-08 04:01:55
54,171,2016-10-11 19:31:53
14,98,2017-08-03 17:24:45
5,49,2016-08-10 14:09:46
38,83,2016-12-29 04:43:50
23,183,2016-12-28 11:16:40
3,125,2017-08-17 17:17:10
77,74,2016-11-10 21:58:49
14,134,2018-01-10 11:17:53
42,53,2018-01-23 07:23:24
21,30,2017-10-28 16:42:36
87,204,2017-03-10 07:20:37
61,66,2016-06-08 05:11:42
54,27,2017-08-31 02:19:44
26,108,2017-07-14 22:01:18
85,14,2017-02-08 19:08:45
70,151,2017-05-03 20:43:29
23,39,2017-10-16 16:45:19
83,90,2017-09-17 20:58:34
22,223,2016-07-11 03:19:01
14,219,2017-03-22 23:31:51
47,167,2017-09-11 12:37:33
21,115,2017-04-01 14:14:20
54,63,2018-02-18 06:22:34
99,214,2017-07-31 09:04:14
100,179,2016-12-01 22:29:27
5,170,2017-08-17 16:40:08
6,135,2017-06-29 23:59:46
23,75,2016-12-05 20:42:09
14,255,2016-09-06 14:19:43
21,151,2016-07-15 08:43:37
61,187,2016-11-09 09:58:04
54,148,2018-03-06 19:34:42
34,90,2017-03-26 02:25:48
99,70,2017-01-09 17:58:02
5,26,2017-07-27 20:07:39
83,211,2016-10-03 13:25:30
21,236,2016-08-18 03:49:51
14,111,2017-10-30 11:52:11
54,184,2017-07-25 16:25:05
21,7,2016-11-16 09:12:10
73,17,2016-12-30 18:25:30
91,71,2016-07-16 16:49:37
63,89,2016-06-28 02:39:53
8,73,2018-03-17 16:49:02
54,40,2017-06-26 12:30:43
45,220,2017-07-14 07:04:40
5,147,2017-07-12 01:22:31
20,47,2016-06-11 09:07:27
97,230,2016-09-26 04:58:08
51,34,2017-05-01 16:54:09
49,190,2017-10-10 16:47:50
14,232,2016-08-09 03:00:19
21,128,2017-12-14 23:55:17
26,206,2017-02-04 15:56:13
45,76,2016-10-22 17:08:27
5,3,2017-03-13 05:52:30
71,214,2016-11-22 00:39:27
56,85,2018-02-12 03:39:34
68,59,2016-11-29 10:42:34
54,161,2016-10-06 19:27:58
14,88,2017-07-06 06:07:59
20,168,2016-08-19 00:24:29
60,204,2018-04-25 09:56:55
12,164,2016-11-05 16:02:37
5,39,2017-06-02 06:28:42
30,212,2017-01-08 01:15:14
92,44,2018-04-23 19:22:49
32,142,2017-01-08 16:05:41
98,87,2016-07-19 23:06:43
21,249,2017-11-18 23:20:18
42,43,2018-04-10 03:44:33
81,34,2017-07-05 11:13:32
54,17,2017-08-29 01:54:30
4,196,2018-02-03 00:10:11
5,124,2016-07-20 13:44:25
56,206,2016-12-24 09:05:28
3,200,2017-06-19 08:41:05
14,209,2016-12-22 03:19:38
21,105,2016-06-17 15:21:10
5,160,2016-06-29 00:31:48
92,165,2017-05-12 06:59:45
44,88,2018-04-28 02:18:00
78,1,2017-01-12 03:31:01
49,203,2018-04-12 06:06:44
42,164,2016-11-19 01:36:08
77,5,2017-07-31 18:39:34
54,138,2016-09-19 11:54:39
14,65,2017-04-27 20:27:49
74,116,2018-03-04 06:54:04
59,253,2018-03-02 07:32:27
18,215,2017-12-07 14:23:01
5,245,2017-08-13 04:23:54
100,25,2017-01-24 07:47:00
5,16,2016-09-17 12:58:57
46,54,2017-04-28 06:19:16
38,50,2016-06-16 14:38:29
49,59,2018-04-01 11:30:50
21,226,2016-06-13 14:10:11
14,101,2017-01-04 16:42:12
52,213,2017-01-12 02:24:12
79,87,2018-04-05 10:08:17
75,53,2018-03-28 22:42:57
88,172,2017-06-13 01:35:59
21,82,2016-08-08 07:57:27
54,30,2017-07-26 10:58:42
94,66,2018-02-04 18:11:20
87,27,2016-09-13 19:31:18
5,137,2018-01-04 06:14:33
12,33,2017-02-13 03:26:58
23,42,2018-02-05 11:48:33
68,193,2018-03-09 14:08:50
14,222,2018-04-26 04:50:23
21,118,2017-05-07 06:23:00
61,154,2018-03-13 11:34:36
89,252,2018-04-14 17:33:13
57,40,2016-08-09 12:12:02
77,18,2016-06-19 22:09:21
47,255,2018-01-21 16:20:39
54,151,2017-06-27 18:36:21
14,78,2018-03-18 08:27:44
67,90,2017-10-29 21:23:20
27,17,2016-06-14 08:28:08
97,112,2016-06-22 22:26:26
84,179,2016-10-06 11:14:41
30,22,2017-01-29 15:36:04
21,239,2017-02-05 22:33:53
73,249,2016-08-21 02:10:54
54,7,2016-10-19 13:38:09
52,226,2017-10-24 10:47:57
5,114,2016-12-24 05:31:19
6,79,2017-06-20 07:26:29
37,183,2018-03-20 01:22:48
57,161,2017-01-30 21:46:30
23,19,2017-08-29 11:58:02
9,121,2016-10-16 10:07:34
14,199,2017-04-22 23:25:58
21,95,2016-07-11 18:57:51
96,9,2017-07-30 23:35:40
40,108,2017-03-23 00:51:45
59,207,2017-01-21 12:03:40
58,162,2017-05-17 08:49:12
65,21,2016-12-28 19:38:08
2,81,2016-07-26 09:02:30
54,128,2017-01-14 22:08:20
14,55,2017-06-26 18:59:10
5,235,2017-04-26 06:40:57
5,6,2017-08-27 22:55:46
9,242,2016-06-07 02:21:09
21,216,2017-10-17 02:32:53
40,229,2016-12-15 01:53:49
87,161,2018-03-12 05:09:10
7,52,2016-12-27 04:34:17
100,100,2016-09-02 06:19:24
5,91,2018-01-28 19:58:58
37,160,2016-12-27 08:36:13
17,102,2017-11-02 02:50:45
57,138,2017-08-11 17:00:20
83,47,2017-04-15 05:58:36
54,249,2016-12-20 08:55:02
14,176,2017-08-09 06:25:25
21,72,2018-02-11 09:03:52
26,150,2017-04-07 10:23:21
60,63,2018-01-12 16:19:15
5,127,2018-03-13 07:19:58
4,248,2017-03-06 17:31:08
12,23,2016-08-21 13:05:31
72,37,2017-07-13 13:45:08
56,29,2016-11-19 17:08:17
69,148,2017-08-26 15:23:23
54,105,2017-10-31 22:11:14
34,47,2017-08-18 05:40:31
74,83,2017-10-07 00:43:16
71,194,2017-06-26 15:33:39
46,21,2016-08-25 10:55:51
17,223,2018-01-31 19:33:31
38,17,2016-11-04 20:07:43
91,172,2016-11-27 09:22:03
97,66,2017-06-25 16:52:51
22,72,2017-04-10 16:30:54
21,193,2017-03-18 13:39:31
14,68,2017-12-28 22:03:52
94,177,2017-10-06 02:37:09
69,4,2017-05-08 04:58:31
55,69,2017-09-24 07:07:32
5,248,2016-11-06 06:54:14
18,38,2016-06-05 00:28:02
4,140,2017-10-26 13:37:34
63,46,2017-10-17 14:43:45
21,229,2017-07-31 14:22:07
54,226,2017-06-18 13:58:56
99,148,2017-10-15 11:12:25
20,4,2018-03-19 21:25:10
5,104,2016-08-12 14:53:00
86,178,2016-07-10 04:31:55
37,173,2017-06-30 20:35:35
52,36,2016-11-14 07:04:17
2,215,2017-08-21 09:17:37
14,189,2017-05-23 18:33:15
21,85,2017-10-14 23:07:08
99,4,2017-06-13 02:06:03
45,33,2018-03-29 14:01:46
2,71,2017-08-09 08:59:07
28,209,2017-02-04 17:23:36
54,118,2016-07-06 13:09:31
14,45,2018-03-09 01:01:43
60,161,2018-04-13 23:29:45
5,225,2016-10-30 09:30:53
13,86,2018-02-10 16:34:59
18,15,2018-04-29 05:21:55
50,233,2017-02-16 09:00:29
21,206,2018-02-07 21:03:24
61,13,2018-04-10 05:52:38
73,216,2016-06-13 04:15:00
59,89,2016-09-03 23:27:42
100,90,2017-06-29 14:28:42
99,125,2018-01-22 02:55:31
5,81,2017-11-13 06:52:29
83,37,2017-08-08 06:02:14
54,239,2017-08-12 09:12:24
14,166,2017-04-06 18:13:40
48,79,2017-11-28 23:58:29
21,62,2017-06-27 21:20:18
18,136,2017-04-12 14:59:10
50,125,2016-08-31 03:58:42
90,161,2018-03-14 20:50:53
1,232,2017-05-19 05:11:45
54,95,2017-03-03 07:37:42
14,22,2017-07-13 11:13:03
5,202,2016-06-07 06:07:52
12,98,2017-10-17 00:03:26
31,111,2016-09-08 02:32:34
17,213,2017-08-02 19:06:47
24,72,2017-08-01 23:49:49
69,223,2017-03-23 15:41:25
21,183,2016-11-22 06:25:21
5,238,2017-06-19 06:47:11
79,44,2016-10-16 07:12:34
30,2,2017-10-12 06:37:33
9,65,2017-10-28 04:00:49
54,216,2017-09-05 20:38:49
14,143,2017-01-04 06:45:31
21,39,2016-12-23 02:08:50
25,189,2016-12-05 06:59:10
60,30,2017-02-21 14:53:01
5,94,2017-08-26 22:49:20
77,119,2018-03-02 03:58:32
14,179,2018-03-14 06:02:54
21,75,2016-08-21 10:40:20
22,3,2016-08-27 13:45:09
54,72,2016-10-06 10:04:35
53,256,2016-08-05 12:27:26
18,149,2016-07-01 21:19:21
19,114,2017-01-27 17:23:58
24,229,2017-10-10 03:40:13
30,123,2016-06-10 02:13:22
97,33,2017-02-28 00:15:47
75,131,2018-04-13 21:12:22
21,160,2016-07-13 03:31:33
14,35,2017-01-03 19:01:03
54,108,2016-06-08 13:40:39
5,215,2018-02-08 18:56:07
12,111,2017-02-28 17:41:31
52,147,2017-09-28 12:16:15
24,85,2018-02-09 15:38:09
21,196,2017-05-11 13:29:59
62,197,2018-04-30 12:29:27
54,193,2017-04-19 08:43:24
5,71,2017-06-05 14:30:28
51,187,2017-06-23 22:14:19
58,83,2016-07-29 12:57:45
43,183,2017-05-05 03:38:50
9,78,2016-06-04 16:38:09
54,229,2017-07-17 05:03:21
14,156,2016-06-27 21:54:53
29,56,2016-10-04 19:19:10
21,52,2017-03-14 09:02:56
41,30,2017-06-13 16:27:13
72,246,2018-02-24 23:59:20
79,142,2017-09-30 18:44:50
43,219,2017-07-29 06:50:33
89,186,2016-06-04 23:13:53
10,42,2017-04-26 00:36:19
91,116,2018-03-11 13:06:52
55,193,2016-07-17 11:51:07
3,3,2018-04-26 16:10:36
47,189,2017-01-26 22:05:29
48,154,2017-10-10 14:34:10
54,85,2018-02-18 02:57:45
14,12,2017-05-23 15:34:47
5,192,2017-10-01 23:58:09
67,24,2016-09-11 14:00:44
57,239,2017-03-28 22:06:23
29,177,2016-12-17 05:12:44
21,173,2017-11-15 20:49:19
82,3,2017-10-30 01:09:20
87,118,2016-10-09 18:07:44
100,57,2016-08-29 10:58:18
5,48,2018-04-21 19:58:45
10,163,2017-09-22 06:07:07
21,172,2017-08-31 04:12:42
54,206,2017-10-07 19:41:06
14,133,2017-02-02 08:51:37
21,29,2017-01-03 06:12:18
93,197,2018-04-07 03:15:22
5,84,2016-09-17 15:50:02
46,122,2016-06-30 05:50:02
31,222,2017-05-01 13:57:44
78,154,2017-03-15 08:01:25
84,234,2017-02-19 17:20:29
42,88,2018-04-18 04:28:54
88,204,2018-04-13 04:56:33
54,62,2017-11-30 23:04:00
99,213,2017-10-17 03:17:34
5,169,2017-05-07 08:08:54
3,245,2018-01-11 21:52:12
83,125,2016-08-06 23:26:48
3,16,2017-05-18 13:43:35
14,254,2017-06-26 23:48:30
21,150,2018-03-20 20:27:29
14,25,2017-08-22 08:29:47
5,205,2017-01-15 09:25:59
92,210,2016-09-27 10:35:38
78,46,2016-08-29 04:03:19
49,248,2016-08-31 12:23:15
65,76,2018-01-28 06:51:02
2,136,2016-09-27 20:51:23
28,45,2017-06-12 04:38:20
54,183,2017-04-17 13:50:32
14,110,2018-01-12 00:03:40
48,23,2017-04-15 02:15:11
21,6,2018-01-26 19:30:02
11,221,2016-12-12 14:07:55
85,170,2017-08-08 11:38:16
5,61,2017-06-09 04:35:55
37,130,2017-11-15 21:54:15
51,177,2018-01-26 08:05:16
14,146,2016-09-18 14:23:34
21,42,2016-06-10 19:35:55
33,245,2017-09-15 11:30:09
54,39,2016-10-27 10:48:25
73,52,2017-01-11 18:11:54
44,25,2018-04-28 16:35:40
65,197,2016-10-29 21:53:55
10,32,2017-03-18 05:18:39
22,235,2018-04-13 01:15:01
75,98,2018-02-04 11:39:21
21,127,2017-04-13 18:17:27
14,2,2016-10-05 09:57:21
54,75,2018-01-09 17:24:49
74,53,2018-03-09 07:51:12
5,182,2017-10-20 10:36:46
66,49,2017-06-21 02:08:28
92,187,2017-05-08 05:33:34
4,74,2017-01-02 08:11:40
58,194,2016-07-24 06:31:04
70,19,2017-10-13 14:15:55
42,186,2017-04-03 05:47:45
21,163,2016-06-23 19:56:59
74,138,2017-07-07 12:17:05
5,38,2017-08-07 17:14:12
65,89,2017-05-23 14:14:56
57,85,2017-07-06 02:36:54
54,196,2017-11-23 10:18:18
14,123,2017-03-17 07:06:11
21,19,2017-12-14 14:20:12
12,199,2016-09-08 04:45:57
23,208,2017-04-28 21:07:52
2,5,2016-07-26 11:04:15
54,52,2017-09-12 23:50:04
27,98,2016-11-15 21:00:49
100,168,2016-10-19 16:05:18
5,159,2017-10-08 10:35:52
66,26,2016-10-27 07:38:14
13,20,2017-01-10 07:07:24
43,42,2018-03-29 00:19:57
16,25,2017-06-06 20:57:35
14,244,2016-09-13 05:22:26
21,140,2017-06-21 15:33:02
61,176,2018-04-27 06:07:29
87,85,2016-07-28 03:29:49
5,15,2017-05-31 17:15:11
82,235,2016-12-01 01:54:37
54,173,2016-09-29 18:45:59
14,100,2018-03-28 12:19:26
93,164,2018-01-29 15:47:41
39,193,2016-10-31 22:49:38
5,51,2017-07-19 08:55:12
46,89,2016-07-05 04:19:31
84,201,2017-02-02 14:26:29
35,159,2017-10-14 11:01:14
61,68,2018-02-01 06:16:48
62,33,2018-03-31 13:40:00
54,29,2018-04-18 23:58:33
19,71,2016-08-31 16:52:54
100,145,2018-03-28 13:54:42
5,136,2017-03-09 23:01:21
4,208,2018-03-31 16:12:22
85,16,2017-06-12 00:25:20
14,221,2016-10-01 04:14:46
48,134,2016-08-24 04:26:37
21,117,2017-10-14 23:21:10
5,172,2018-04-16 18:33:33
46,210,2017-01-17 00:50:18
67,4,2018-01-22 20:51:41
58,184,2018-01-08 17:27:28
49,215,2017-03-08 03:26:33
89,251,2018-01-29 06:35:36
76,52,2017-06-29 17:37:43
28,12,2018-03-23 15:47:20
54,150,2017-04-02 20:48:17
33,127,2016-10-07 03:37:13
5,28,2017-04-30 02:18:42
23,162,2017-12-03 06:43:53
21,238,2017-07-21 00:43:08
14,113,2017-07-09 20:14:43
21,9,2017-12-02 19:17:59
54,6,2017-10-14 02:19:39
52,225,2017-11-14 21:17:20
64,199,2017-12-04 23:43:39
98,112,2016-10-06 07:33:12
24,163,2018-04-06 04:16:18
76,173,2016-12-03 21:48:45
54,42,2016-12-02 00:11:37
41,72,2017-12-21 16:16:59
5,149,2017-04-18 04:28:47
6,114,2016-07-11 04:41:24
32,23,2018-01-10 07:30:30
84,70,2018-03-31 05:52:10
14,234,2016-08-29 20:28:47
21,130,2017-02-18 01:16:28
47,2,2016-08-26 04:32:26
100,14,2017-11-01 10:52:15
5,5,2017-06-08 19:49:19
30,178,2016-11-23 15:24:10
9,241,2018-04-05 00:00:11
28,254,2017-02-10 10:56:40
54,163,2016-07-18 18:54:44
14,90,2017-03-28 23:59:57
7,51,2017-11-29 16:11:56
59,98,2016-10-22 21:00:37
21,251,2017-10-16 11:23:37
95,200,2017-11-18 12:49:12
42,45,2018-02-11 19:35:44
7,87,2017-11-05 07:38:24
47,123,2016-09-10 01:37:43
54,19,2017-01-29 01:20:14
34,190,2016-12-10 05:09:28
44,234,2017-04-03 07:50:08
100,135,2016-10-16 21:55:24
5,126,2017-12-18 07:51:56
51,242,2018-01-27 13:04:23
69,147,2017-03-12 04:40:41
14,211,2018-02-28 15:21:54
21,107,2016-08-16 20:01:09
1,12,2017-02-17 09:29:27
6,127,2017-06-26 23:39:26
25,77,2016-11-15 14:33:56
79,197,2017-09-11 03:01:52
10,97,2017-02-16 15:29:10
36,235,2016-10-25 19:30:42
82,202,2016-12-26 02:34:08
81,157,2018-03-07 09:48:30
54,140,2018-03-11 23:30:16
14,67,2016-12-15 13:32:57
74,118,2017-12-30 23:55:55
5,247,2018-03-26 18:37:13
66,114,2018-02-10 05:58:21
39,160,2017-08-04 05:35:18
5,18,2017-04-20 15:47:16
91,207,2017-06-24 00:56:36
82,238,2018-02-09 09:00:40
97,101,2016-08-19 09:50:05
50,26,2016-10-06 19:21:00
21,228,2016-09-21 19:57:55
40,241,2017-07-22 02:24:05
55,104,2017-05-04 23:18:29
15,68,2016-08-31 13:12:35
65,154,2017-05-08 09:56:55
57,150,2016-10-28 08:13:11
76,163,2017-03-08 00:21:32
14,188,2016-09-09 13:43:54
21,84,2017-01-14 13:47:08
93,252,2016-09-16 04:29:47
5,139,2016-11-27 19:10:06
92,144,2017-04-10 21:26:18
46,177,2017-10-15 03:28:42
14,224,2017-11-24 12:42:11
54,117,2018-01-07 10:16:01
66,91,2017-12-17 09:52:07
51,111,2018-02-13 03:36:24
23,129,2016-07-20 06:13:00
49,38,2017-04-22 14:11:00
50,3,2016-12-03 12:34:02
21,205,2018-04-26 19:21:28
14,80,2017-12-17 21:38:57
54,153,2017-07-18 17:21:43
12,156,2018-01-28 04:38:41
44,188,2017-02-21 00:20:44
43,143,2017-11-08 05:39:40
56,162,2018-04-05 04:36:03
17,91,2016-10-25 13:47:30
21,241,2018-01-03 09:44:04
41,219,2016-07-25 23:16:20
54,238,2017-06-15 09:04:11
54,9,2018-04-26 22:09:43
45,189,2017-08-03 16:40:03
5,116,2016-12-05 15:58:55
31,254,2017-05-29 17:03:48
58,128,2017-10-28 10:26:34
23,21,2017-03-10 15:34:28
63,94,2017-11-16 08:19:44
14,201,2017-04-09 23:08:33
21,97,2016-08-29 11:07:43
87,42,2017-07-22 11:23:11
18,171,2016-09-01 23:06:28
99,16,2016-08-21 02:47:32
45,45,2017-02-01 03:24:32
37,41,2016-11-17 20:56:47
54,130,2016-07-29 03:04:46
14,57,2017-03-20 20:10:34
5,237,2017-10-18 00:23:21
11,168,2017-08-09 18:31:14
92,242,2016-10-18 17:27:49
58,20,2017-10-23 18:45:03
50,245,2018-04-25 19:23:03
16,103,2016-10-06 14:45:45
21,218,2016-06-15 22:26:17
28,77,2016-12-12 00:15:55
52,205,2017-08-10 19:27:15
53,170,2017-05-20 08:53:31
19,28,2018-04-09 19:13:40
5,93,2018-02-14 01:32:31
10,208,2018-02-12 16:20:05
54,251,2016-11-20 19:03:38
14,178,2017-01-17 06:21:53
15,143,2016-08-16 13:21:50
21,74,2016-10-15 18:42:09
87,19,2017-05-28 01:51:12
5,129,2017-08-07 18:02:27
36,202,2017-06-24 06:12:25
81,124,2017-06-18 04:07:21
54,107,2017-05-13 09:05:37
14,34,2017-12-05 04:17:28
48,176,2017-03-25 10:53:33
5,214,2017-10-08 10:41:15
77,10,2017-02-27 07:45:26
21,195,2016-06-03 22:58:49
14,70,2018-01-04 14:19:52
5,250,2017-01-09 11:05:53
12,146,2018-03-21 18:46:11
10,185,2016-07-07 16:51:33
54,228,2018-02-23 17:46:38
14,155,2016-07-29 12:57:08
21,51,2016-06-07 22:24:38
39,248,2017-09-15 11:57:43
5,106,2017-04-02 12:53:05
65,157,2016-09-18 00:11:15
64,12,2017-05-25 06:46:40
35,214,2017-07-17 12:54:29
14,191,2016-06-10 03:41:22
21,87,2017-08-16 17:54:53
62,88,2016-12-20 03:05:07
80,136,2017-11-24 18:43:32
54,84,2016-11-05 14:57:13
73,97,2016-10-05 17:44:46
98,190,2016-06-08 05:39:58
2,73,2018-04-04 09:06:25
89,41,2017-01-18 17:08:15
68,18,2017-07-10 13:37:41
54,120,2017-04-03 13:16:15
14,47,2017-08-13 06:37:58
41,150,2017-12-02 09:48:41
5,227,2016-09-20 15:58:04