id,image_url,user_id,created_at
1,https://placekitten.com/125.jpg,95,2017-03-09 08:54:58
2,https://jarvis.name/242.jpg,95,2016-09-13 19:51:22
3,https://placekitten.com/704.jpg,55,2016-07-03 01:05:05
4,https://placekitten.com/323.jpg,30,2017-10-31 21:55:07
5,https://lorempixel.com/674.jpg,26,2018-03-28 19:50:26
6,https://dicki.info/325.jpg,58,2018-01-25 10:07:43
7,https://lorempixel.com/877.jpg,21,2017-08-07 12:23:17
8,https://mcclure.com/259.jpg,28,2017-05-11 03:43:16
9,https://placekitten.com/489.jpg,13,2017-06-03 12:31:22
10,https://mcclure.com/926.jpg,6,2017-09-14 19:31:24
11,https://placekitten.com/487.jpg,11,2017-12-18 10:40:27
12,https://crooks.net/691.jpg,25,2016-08-11 01:40:06
13,https://jarvis.name/891.jpg,38,2016-08-21 08:28:32
14,https://placekitten.com/489.jpg,36,2017-09-08 23:08:40
15,https://crooks.net/266.jpg,48,2017-05-30 07:37:40
16,https://mcclure.com/818.jpg,88,2018-03-26 02:35:58
17,https://picsum.photos/646.jpg,94,2017-02-06 05:56:57
18,https://hilpert.net/488.jpg,35,2018-03-18 20:16:40
19,https://jarvis.name/801.jpg,42,2016-07-28 08:20:21
20,https://lorempixel.com/924.jpg,41,2017-07-16 09:44:53
21,https://placekitten.com/316.jpg,73,2017-04-19 07:44:29
22,https://hilpert.net/505.jpg,83,2017-09-13 05:12:06
23,https://mcclure.com/242.jpg,32,2017-12-27 19:37:24
24,https://mcclure.com/864.jpg,75,2017-08-13 21:14:44
25,https://dicki.info/470.jpg,29,2016-10-20 18:33:04
26,https://hilpert.net/193.jpg,97,2016-07-19 03:59:31
27,https://picsum.photos/742.jpg,21,2018-04-28 15:22:13
28,https://placekitten.com/494.jpg,49,2018-02-01 17:02:28
29,https://goyette.com/357.jpg,71,2016-06-12 04:10:14
30,https://goyette.com/868.jpg,35,2018-03-19 12:23:07
31,https://placekitten.com/400.jpg,56,2016-11-09 16:31:10
32,https://lorempixel.com/839.jpg,93,2017-02-25 18:13:32
33,https://picsum.photos/619.jpg,14,2018-03-03 10:51:57
34,https://goyette.com/723.jpg,26,2016-11-04 13:36:49
35,https://picsum.photos/652.jpg,100,2017-11-26 00:01:14
36,https://crooks.net/600.jpg,3,2016-09-23 13:12:56
37,https://mcclure.com/345.jpg,8,2017-02-02 20:39:24
38,https://placekitten.com/187.jpg,94,2017-10-11 02:31:11
39,https://goyette.com/884.jpg,17,2016-10-10 17:18:16
40,https://goyette.com/269.jpg,34,2017-11-23 22:05:07
41,https://dicki.info/316.jpg,70,2016-12-23 11:20:57
42,https://dicki.info/787.jpg,84,2017-06-18 15:57:02
43,https://goyette.com/562.jpg,16,2017-02-09 08:10:51
44,https://placekitten.com/446.jpg,3,2018-01-24 20:10:03
45,https://jarvis.name/702.jpg,29,2016-06-08 02:35:05
46,https://lorempixel.com/334.jpg,9,2016-07-03 12:01:49
47,https://placekitten.com/626.jpg,31,2017-03-13 17:40:24
48,https://jarvis.name/652.jpg,17,2018-01-06 20:58:45
49,https://hilpert.net/348.jpg,61,2017-07-22 06:55:57
50,https://placekitten.com/199.jpg,85,2017-08-16 12:53:58
51,https://dicki.info/520.jpg,60,2016-07-26 23:47:29
52,https://placekitten.com/162.jpg,52,2017-05-14 03:58:42
53,https://jarvis.name/296.jpg,25,2017-12-02 16:20:00
54,https://picsum.photos/532.jpg,24,2017-03-13 16:50:37
55,https://jarvis.name/995.jpg,10,2017-08-28 20:02:12
56,https://placekitten.com/151.jpg,84,2017-12-06 00:32:14
57,https://placekitten.com/871.jpg,31,2016-11-18 14:47:49
58,https://hilpert.net/592.jpg,28,2017-07-16 02:08:05
59,https://picsum.photos/488.jpg,1,2017-07-05 09:39:20
60,https://hilpert.net/392.jpg,55,2017-12-22 17:43:08
61,https://picsum.photos/294.jpg,38,2017-01-09 02:07:45
62,https://goyette.com/162.jpg,96,2017-04-18 02:04:52
63,https://lorempixel.com/698.jpg,62,2017-10-28 19:20:15
64,https://picsum.photos/158.jpg,66,2016-08-22 06:45:56
65,https://placekitten.com/709.jpg,9,2018-04-23 08:33:48
66,https://dicki.info/222.jpg,73,2017-02-08 21:04:40
67,https://lorempixel.com/734.jpg,11,2017-08-04 23:56:03
68,https://goyette.com/423.jpg,34,2016-12-27 11:26:20
69,https://jarvis.name/371.jpg,51,2016-10-13 23:30:07
70,https://mcclure.com/568.jpg,41,2016-08-14 00:20:20
71,https://hilpert.net/736.jpg,73,2016-09-11 02:40:02
72,https://goyette.com/318.jpg,65,2017-02-27 04:49:21
73,https://crooks.net/170.jpg,32,2017-06-14 10:22:33
74,https://picsum.photos/548.jpg,70,2017-04-06 22:16:13
75,https://goyette.com/108.jpg,86,2017-12-20 10:54:00
76,https://placekitten.com/999.jpg,18,2017-02-26 04:12:09
77,https://placekitten.com/860.jpg,71,2016-11-07 09:54:57
78,https://mcclure.com/719.jpg,27,2017-05-18 07:24:45
79,https://mcclure.com/617.jpg,63,2017-02-13 01:50:58
80,https://placekitten.com/749.jpg,55,2017-03-11 01:36:18
81,https://lorempixel.com/441.jpg,99,2016-10-12 23:11:47
82,https://mcclure.com/265.jpg,95,2017-08-27 20:05:09
83,https://dicki.info/674.jpg,2,2016-09-23 02:44:22
84,https://picsum.photos/658.jpg,5,2017-06-14 21:12:30
85,https://goyette.com/251.jpg,56,2016-10-09 01:31:22
86,https://mcclure.com/473.jpg,6,2017-06-02 07:38:55
87,https://jarvis.name/782.jpg,14,2017-05-29 20:23:05
88,https://dicki.info/735.jpg,96,2016-11-06 08:37:09
89,https://picsum.photos/919.jpg,23,2017-07-28 00:54:08
90,https://picsum.photos/854.jpg,43,2017-07-27 09:02:07
91,https://mcclure.com/263.jpg,90,2016-09-19 13:55:40
92,https://lorempixel.com/979.jpg,61,2017-01-14 07:15:58
93,https://hilpert.net/458.jpg,40,2017-01-20 08:06:59
94,https://lorempixel.com/775.jpg,25,2017-07-14 11:57:05
95,https://mcclure.com/985.jpg,9,2017-03-13 12:47:05
96,https://goyette.com/509.jpg,87,2017-12-02 12:03:24
97,https://lorempixel.com/218.jpg,34,2016-11-30 21:08:19
98,https://mcclure.com/139.jpg,14,2018-02-01 15:49:19
99,https://crooks.net/846.jpg,41,2017-08-21 22:04:17
100,https://goyette.com/218.jpg,50,2018-01-12 06:55:14
101,https://mcclure.com/145.jpg,91,2017-08-21 00:03:41
102,https://goyette.com/925.jpg,69,2018-04-18 07:10:25
103,https://crooks.net/541.jpg,9,2018-04-12 12:01:19
104,https://crooks.net/779.jpg,16,2017-04-04 18:27:49
105,https://mcclure.com/782.jpg,53,2017-05-01 14:39:03
106,https://mcclure.com/667.jpg,17,2016-12-14 15:18:28
107,https://dicki.info/793.jpg,96,2016-11-26 22:24:36
108,https://mcclure.com/515.jpg,71,2016-06-01 11:03:49
109,https://mcclure.com/315.jpg,56,2018-01-15 22:05:16
110,https://crooks.net/576.jpg,57,2017-08-27 07:46:50
111,https://goyette.com/584.jpg,95,2016-11-21 23:59:16
112,https://placekitten.com/390.jpg,66,2018-04-11 23:02:40
113,https://crooks.net/195.jpg,97,2017-01-27 11:18:07
114,https://jarvis.name/925.jpg,26,2016-10-29 00:53:21
115,https://lorempixel.com/350.jpg,61,2018-02-16 02:39:05
116,https://hilpert.net/524.jpg,81,2018-01-11 07:04:45
117,https://dicki.info/606.jpg,52,2017-02-05 05:22:22
118,https://lorempixel.com/868.jpg,99,2016-09-18 15:28:44
119,https://jarvis.name/280.jpg,90,2017-11-13 16:54:49
120,https://lorempixel.com/670.jpg,32,2016-10-03 16:37:09
121,https://picsum.photos/920.jpg,60,2018-04-15 19:20:16
122,https://goyette.com/709.jpg,41,2017-08-28 22:18:21
123,https://goyette.com/536.jpg,71,2017-08-31 05:47:41
124,https://hilpert.net/560.jpg,34,2017-02-09 23:12:59
125,https://mcclure.com/884.jpg,100,2017-11-16 17:38:37
126,https://jarvis.name/381.jpg,57,2016-08-19 10:24:10
127,https://jarvis.name/378.jpg,43,2017-04-24 19:39:58
128,https://placekitten.com/241.jpg,20,2017-01-23 13:56:45
129,https://picsum.photos/823.jpg,28,2016-08-05 15:06:17
130,https://dicki.info/438.jpg,70,2017-09-21 15:08:16
131,https://lorempixel.com/311.jpg,54,2017-07-04 21:15:56
132,https://lorempixel.com/977.jpg,98,2018-01-11 13:50:57
133,https://hilpert.net/106.jpg,46,2017-04-02 14:11:56
134,https://dicki.info/651.jpg,96,2017-12-12 21:57:49
135,https://jarvis.name/599.jpg,29,2017-03-07 15:52:05
136,https://hilpert.net/129.jpg,50,2017-05-11 14:43:14
137,https://picsum.photos/960.jpg,60,2016-10-09 22:39:20
138,https://goyette.com/127.jpg,51,2018-01-28 20:32:55
139,https://lorempixel.com/185.jpg,83,2017-08-13 04:56:26
140,https://hilpert.net/286.jpg,7,2017-02-22 13:48:09
141,https://crooks.net/316.jpg,59,2017-05-01 12:17:16
142,https://dicki.info/384.jpg,97,2017-08-06 09:11:05
143,https://placekitten.com/581.jpg,3,2017-12-05 01:53:46
144,https://crooks.net/329.jpg,84,2016-08-10 23:43:46
145,https://lorempixel.com/872.jpg,4,2017-02-09 07:15:30
146,https://lorempixel.com/736.jpg,20,2017-01-31 04:35:44
147,https://hilpert.net/785.jpg,15,2017-12-30 07:56:09
148,https://hilpert.net/816.jpg,33,2017-06-13 06:06:32
149,https://placekitten.com/896.jpg,21,2017-04-15 03:56:08
150,https://lorempixel.com/419.jpg,74,2018-04-25 13:39:52
151,https://dicki.info/832.jpg,26,2016-08-17 21:33:27
152,https://jarvis.name/204.jpg,90,2017-04-05 21:51:37
153,https://placekitten.com/915.jpg,73,2016-07-13 12:38:28
154,https://goyette.com/538.jpg,85,2017-06-15 02:30:38
155,https://goyette.com/763.jpg,44,2016-06-13 15:17:37
156,https://hilpert.net/208.jpg,56,2017-06-06 23:08:27
157,https://hilpert.net/824.jpg,20,2017-08-20 06:24:46
158,https://goyette.com/766.jpg,35,2018-02-21 19:35:39
159,https://hilpert.net/576.jpg,56,2018-01-28 09:46:19
160,https://crooks.net/972.jpg,32,2016-08-28 10:09:19
161,https://hilpert.net/349.jpg,97,2017-09-19 20:44:51
162,https://dicki.info/444.jpg,4,2017-10-20 11:50:00
163,https://picsum.photos/599.jpg,28,2017-05-30 09:24:22
164,https://crooks.net/386.jpg,77,2017-03-10 20:14:08
165,https://lorempixel.com/629.jpg,25,2016-08-27 08:47:15
166,https://dicki.info/600.jpg,72,2017-02-02 17:20:02
167,https://hilpert.net/558.jpg,3,2016-09-04 10:42:46
168,https://jarvis.name/514.jpg,89,2017-02-05 11:08:55
169,https://crooks.net/584.jpg,71,2017-11-26 12:30:56
170,https://dicki.info/863.jpg,71,2017-05-05 12:48:32
171,https://hilpert.net/377.jpg,40,2017-02-13 08:23:37
172,https://placekitten.com/838.jpg,25,2017-04-20 04:21:10
173,https://goyette.com/880.jpg,89,2016-12-07 06:58:25
174,https://jarvis.name/856.jpg,62,2017-03-11 21:27:58
175,https://goyette.com/711.jpg,37,2016-09-11 07:04:03
176,https://mcclure.com/332.jpg,47,2016-12-01 11:00:18
177,https://lorempixel.com/825.jpg,69,2016-10-08 09:59:14
178,https://lorempixel.com/155.jpg,71,2017-03-27 04:35:51
179,https://hilpert.net/205.jpg,2,2018-01-09 10:21:08
180,https://hilpert.net/590.jpg,57,2017-05-15 06:42:44
181,https://lorempixel.com/358.jpg,62,2016-09-25 02:22:44
182,https://dicki.info/603.jpg,10,2018-01-12 22:55:02
183,https://lorempixel.com/255.jpg,20,2017-12-29 11:03:44
184,https://placekitten.com/354.jpg,16,2017-12-24 15:09:08
185,https://jarvis.name/894.jpg,67,2017-06-25 16:24:09
186,https://hilpert.net/404.jpg,76,2017-08-14 11:07:06
187,https://lorempixel.com/724.jpg,95,2016-09-10 07:33:55
188,https://jarvis.name/370.jpg,85,2016-08-23 05:43:05
189,https://jarvis.name/277.jpg,71,2016-08-16 05:41:57
190,https://lorempixel.com/518.jpg,58,2018-01-30 17:06:32
191,https://mcclure.com/133.jpg,30,2017-03-23 10:17:36
192,https://hilpert.net/172.jpg,88,2017-01-26 09:37:55
193,https://jarvis.name/535.jpg,15,2017-12-10 08:11:06
194,https://picsum.photos/372.jpg,19,2016-08-13 02:10:16
195,https://picsum.photos/911.jpg,40,2018-01-31 20:43:27
196,https://mcclure.com/549.jpg,16,2017-09-23 11:04:17
197,https://dicki.info/378.jpg,65,2017-12-05 17:58:42
198,https://hilpert.net/182.jpg,77,2016-07-11 15:43:46
199,https://crooks.net/718.jpg,33,2016-06-27 03:19:30
200,https://jarvis.name/790.jpg,74,2018-01-23 00:45:19
201,https://mcclure.com/690.jpg,6,2016-11-27 17:07:49
202,https://goyette.com/767.jpg,57,2017-03-12 06:36:28
203,https://dicki.info/750.jpg,63,2016-09-02 17:06:45
204,https://crooks.net/518.jpg,43,2017-04-25 03:48:30
205,https://picsum.photos/437.jpg,53,2017-10-21 10:29:37
206,https://dicki.info/933.jpg,98,2017-12-16 01:20:09
207,https://hilpert.net/190.jpg,41,2017-02-14 11:46:12
208,https://placekitten.com/891.jpg,52,2017-11-09 00:02:30
209,https://goyette.com/573.jpg,53,2016-07-26 06:49:46
210,https://goyette.com/470.jpg,80,2017-10-24 22:46:13
211,https://hilpert.net/878.jpg,7,2016-12-26 09:43:23
212,https://goyette.com/234.jpg,37,2017-08-23 17:38:52
213,https://placekitten.com/129.jpg,81,2018-02-14 08:42:45
214,https://picsum.photos/418.jpg,71,2016-06-15 20:06:24
215,https://dicki.info/195.jpg,29,2016-09-25 16:48:02
216,https://placekitten.com/763.jpg,20,2017-10-24 10:37:34
217,https://goyette.com/822.jpg,35,2017-07-31 17:34:02
218,https://hilpert.net/349.jpg,59,2017-12-17 05:15:58
219,https://dicki.info/295.jpg,77,2017-11-03 04:58:12
220,https://placekitten.com/382.jpg,99,2017-07-30 12:22:28
221,https://goyette.com/373.jpg,1,2017-03-17 10:52:12
222,https://hilpert.net/986.jpg,20,2017-09-01 19:36:32
223,https://hilpert.net/453.jpg,43,2017-12-18 19:47:08
224,https://dicki.info/566.jpg,42,2016-12-11 08:41:40
225,https://dicki.info/339.jpg,100,2017-07-26 01:35:20
226,https://crooks.net/862.jpg,61,2017-06-26 14:03:24
227,https://picsum.photos/607.jpg,5,2016-10-08 18:17:16
228,https://crooks.net/990.jpg,13,2017-08-25 03:37:49
229,https://goyette.com/567.jpg,2,2016-10-26 14:55:36
230,https://picsum.photos/176.jpg,61,2017-02-27 12:19:35
231,https://dicki.info/765.jpg,11,2017-05-03 19:25:42
232,https://dicki.info/424.jpg,81,2017-10-13 19:41:52
233,https://lorempixel.com/732.jpg,9,2017-01-27 22:58:47
234,https://mcclure.com/332.jpg,96,2016-09-01 15:48:01
235,https://placekitten.com/878.jpg,82,2016-09-11 16:09:13
236,https://picsum.photos/810.jpg,39,2016-06-30 01:40:28
237,https://crooks.net/915.jpg,8,2017-03-28 13:03:04
238,https://crooks.net/541.jpg,19,2017-02-06 19:20:21
239,https://dicki.info/679.jpg,88,2016-12-02 06:11:20
240,https://picsum.photos/180.jpg,79,2017-06-27 22:33:46
241,https://jarvis.name/609.jpg,75,2016-10-25 08:27:13
242,https://hilpert.net/753.jpg,33,2017-09-14 09:17:46
243,https://lorempixel.com/923.jpg,60,2017-03-22 19:54:03
244,https://picsum.photos/175.jpg,57,2017-05-20 21:23:34
245,https://mcclure.com/754.jpg,55,2017-02-12 16:37:58
246,https://mcclure.com/303.jpg,50,2017-10-08 03:52:59
247,https://jarvis.name/490.jpg,74,2017-06-03 20:55:41
248,https://mcclure.com/816.jpg,38,2016-06-23 23:57:55
249,https://dicki.info/381.jpg,2,2018-01-01 01:47:08
250,https://hilpert.net/952.jpg,37,2017-01-22 22:06:09
251,https://crooks.net/324.jpg,82,2016-12-12 22:36:21
252,https://mcclure.com/794.jpg,97,2018-04-07 04:58:47
253,https://placekitten.com/742.jpg,83,2016-07-11 11:14:52
254,https://hilpert.net/134.jpg,75,2017-06-09 04:47:04
255,https://placekitten.com/402.jpg,42,2017-07-31 06:23:41
256,https://jarvis.name/235.jpg,70,2017-06-10 19:19:39
257,https://goyette.com/379.jpg,22,2017-02-19 17:32:36