id,username,created_at
1,Kenton_Kirlin,2017-02-16 18:22:10
2,Andre_Purdy85,2017-04-02 17:11:21
3,Harley_Lind18,2017-02-21 22:09:31
4,Alysa_Kling,2016-08-05 19:52:15
5,Aniya_Hackett,2016-12-07 01:04:39
6,Travon_Hills,2016-10-26 12:43:14
7,Kasandra_Homenick,2016-12-14 19:21:52
8,Tabitha_Schamberger,2017-01-12 11:01:35
9,Gus_Aufderhar,2016-11-29 19:12:11
10,Presley_McClure,2017-03-18 15:24:00
11,Justina_Murray,2016-12-22 03:55:05
12,Delpha_Kihn,2017-03-03 01:52:44
13,Danny_Mejia,2017-05-12 06:42:51
14,Norbert_Carroll,2016-09-30 07:18:41
15,Adrain_Kilback,2016-07-15 10:44:19
16,Annalise_Denesik,2016-09-09 09:05:26
17,Norval_Hettinger,2016-08-21 21:25:21
18,Leonel_Lang,2016-10-07 15:59:56
19,Rahul.Bauch,2016-11-20 07:25:54
20,Millie_Bernhard,2017-01-08 06:14:21
21,Adah_Altenwert,2016-06-30 23:14:03
22,Zack_Kemmer93,2016-12-12 18:28:31
23,Yvette.Gottlieb91,2016-10-15 17:34:41
24,Maxwell.Halvorson,2016-07-03 18:25:12
25,Tierra.Trantow,2016-09-01 09:09:30
26,Josianne.Friesen,2016-11-22 11:43:30
27,Darwin_Mckenzie,2016-09-21 09:22:18
28,Dario77,2016-11-07 17:13:55
29,Jaime.Effertz,2016-08-18 10:44:53
30,Aliya.Nitzsche,2017-01-03 00:00:09
31,Jameson.Schoen,2016-06-17 00:02:09
32,Tabitha.Schamberger,2016-07-16 00:07:11
33,Keenan.Rosenberg,2016-12-20 15:04:27
34,Katarina.Dibbert,2016-09-14 14:11:46
35,Jonas_Mraz,2016-11-17 09:42:11
36,Jed_Harber,2016-08-08 07:18:21
37,Shanel.Elmore,2016-10-02 11:22:22
38,Lenora_Hartmann,2016-09-27 05:51:15
39,Darby_Herzog,2016-07-28 22:33:00
40,Brody.Witting,2016-11-01 12:01:32
41,Leo_Langworth,2016-07-21 19:22:34
42,Bethany20,2016-10-18 15:40:12
43,Tomas_Mills,2016-08-15 11:00:32
44,Micah.Gusikowski,2016-09-05 05:28:38
45,Anais_Moore,2016-07-11 14:27:09
46,Connie.Schulist,2016-08-02 01:28:44
47,Lupe.Bartell,2016-07-25 19:15:09
48,Shannon_Willms,2016-09-25 23:41:30
49,Karlee.Knapp,2016-08-27 10:07:02
50,Crystel.Hahn,2017-02-28 14:01:32
51,Tierra.Gleason,2016-11-11 08:21:44
52,Darius.Rodriguez,2016-08-01 11:13:22
53,Rossie_Mills,2016-07-04 18:08:01
54,Emilio.Rodriguez,2016-06-28 14:48:00
55,Carleton_Moore,2016-08-30 15:29:21
56,Aliyah_Rempel,2016-10-11 01:44:11
57,Hank_Rutenberg,2016-09-03 11:12:33
58,Sallie.Gleason,2016-11-18 19:02:23
59,Rodrick_Hess,2016-08-22 17:02:11
60,Darby.Rutenberg,2016-07-06 10:22:41
61,Morgan.Grimes,2016-10-08 12:22:45
62,Kasandra.Kilback,2016-07-09 14:02:33
63,Lilla.Lind,2016-09-15 18:33:55
64,Efren.Pfannerstill,2016-08-10 22:55:43
65,Arely_Bogan,2016-06-29 08:34:01
66,Ahmad.Gibson,2016-07-22 09:44:19
67,Arjun_Bergstrom,2016-10-05 14:25:00
68,Jayden.Bartoletti,2016-09-18 20:10:11
69,Karlie.Orn,2016-08-14 08:48:00
70,Kyleigh.Skiles,2016-07-08 04:42:33
71,Aurelie.Hegmann,2016-11-05 11:15:25
72,Jessyca.Smith,2016-08-28 17:01:45
73,Jaylen.Armstrong,2016-07-17 00:12:11
74,Roel_Predovic,2016-09-22 12:21:33
75,Annalise.Kuhic,2016-10-03 22:33:11
76,Jackeline_Maggio,2016-09-12 18:11:00
77,Aiyana.Howell,2016-08-19 14:30:22
78,Travon.Rutenberg,2016-07-30 20:01:00
79,Marlen_Kutch,2016-10-28 12:10:11
80,Arely.Aufderhar,2016-11-10 08:20:00
81,Laury_Yundt,2016-09-08 09:20:01
82,Devan.Moore,2016-08-06 17:45:31
83,Precious_Waelchi,2016-07-18 14:32:11
84,Desiree.Bergstrom,2016-09-19 10:11:22
85,Donald.Stamm,2016-08-24 12:00:00
86,Tierra.Blanda,2016-10-14 15:40:00
87,Colt_Quigley,2016-11-30 18:22:10
88,Justine_Waters,2016-07-02 20:11:00
89,Alysha.Zemlak,2016-08-11 11:40:00
90,Jett_Hartmann,2016-09-26 17:01:00
91,Malvina_Huel,2016-10-20 12:55:00
92,Lucile.Beatty,2016-07-13 10:44:10
93,Maryse.Crooks,2016-09-07 14:21:00
94,Harvey.Kutch,2016-08-16 16:33:00
95,Nia_Haag,2016-11-03 08:10:22
96,Delfina.Zulauf,2016-07-25 22:11:00
97,Irwin.Larson,2016-09-02 19:00:11
98,Tabitha.Doyle,2016-08-08 10:22:11
99,Karlee.Mante,2016-10-31 12:43:00
100,Brennan_Trantow,2016-11-24 18:00:01
